{ "name": "mariadb",
  "config": {
    "connector.class": "io.debezium.connector.mysql.MySqlConnector",
    "tasks.max": "1",
    "database.hostname": "mariadb",
    "database.port": "3306",
    "database.user": "root",
    "database.password": "root",
    "database.server.id": "201311",
    "database.server.name": "mariadb",
    "database.whitelist": "tgdemo",
    "database.history.kafka.bootstrap.servers": "kafka:9092",
    "database.history.kafka.topic": "schema-changes.tgdemo",
    "include.schema.changes": "false",
    "key.converter.schemas.enable": "false",
    "value.converter.schemas.enable": "false"
  }
}
