{ "name": "tgfraud-demo",
  "config": {
    "connector.class": "io.debezium.connector.mysql.MySqlConnector",
    "tasks.max": "1",
    "database.hostname": "mariadb",
    "database.port": "3306",
    "database.user": "root",
    "database.password": "root",
    "database.server.id": "201311",
    "database.server.name": "tgfraud-demo",
    "database.whitelist": "tg_demo",
    "database.history.kafka.bootstrap.servers": "kafka:9092",
    "database.history.kafka.topic": "schema-changes.tg_demo",
    "include.schema.changes": "false"
  }
}
