2013-09-19T04:09:13Z,,b8856e18-172f-499b-83e0-c3b06db5afce,3cd4ef0b-170e-4db9-9114-8ee5d5623ce1,706004007,Implantable cardiac pacemaker (physical object),(01)31260898621290(11)130828(17)380912(10)2509377171545964879(21)7152845610620698
2014-04-25T04:13:08Z,,08afe1df-9155-4627-ad60-f75bfd4a5695,0eb97b1c-0fc1-40a5-9012-4f6d886ef608,706004007,Implantable cardiac pacemaker (physical object),(01)14228334793253(11)140403(17)390418(10)504620(21)432532224032
2014-01-22T18:53:15Z,,9e9ae82d-a48e-41bc-adc2-b0f471e82f01,8b8e2c57-ab37-4814-8bf4-26abce2b1393,72506001,Implantable defibrillator  device (physical object),(01)81308520497577(11)140101(17)390116(10)330853542(21)1149028645300
2018-03-29T14:43:21Z,,7f6cba45-5127-45ac-9fc7-c1c6fbd3068b,0b9d3616-da55-458a-b38d-6e0c2409b434,72506001,Implantable defibrillator  device (physical object),(01)24811121895117(11)180308(17)430323(10)312060047621941244(21)82514090
2013-12-23T13:53:20Z,,7bf94819-60a3-4997-b5d0-e4e8078eb55e,3118b1e9-477e-4813-aeab-db6768dda9be,72506001,Implantable defibrillator  device (physical object),(01)64388307813586(11)131202(17)381217(10)2896487(21)14164922011
2016-06-11T19:15:41Z,,d877084a-135f-4927-bdcf-786cfbf16249,cb202a80-97ed-42c4-8a9f-3ff27685bb34,72506001,Implantable defibrillator  device (physical object),(01)40954682985911(11)160521(17)410605(10)163895069(21)41427254215149
1969-02-12T00:21:26Z,,7116118d-008c-4b77-bb36-3059c4796740,8bb118d2-dd40-40f5-bcc0-637e1d3e7713,72506001,Implantable defibrillator  device (physical object),(01)60380370573507(11)690121(17)940205(10)7372483580354676(21)572301994
1968-02-17T04:58:13Z,,15780f19-b9b1-4b9c-92e5-956e84360985,c715f4c9-dd0d-40ee-9cd1-ff386c8bdcdb,72506001,Implantable defibrillator  device (physical object),(01)15947207260132(11)680126(17)930209(10)2174969341252314(21)77808092
2000-02-22T00:35:59Z,,c658281a-274d-4cd0-a98c-e9af81fbb4ad,77c17b57-e405-4f1e-8530-21d60fb1be44,72506001,Implantable defibrillator  device (physical object),(01)52463321297251(11)000131(17)250214(10)91136292483(21)8081708351150156386
1961-02-25T00:55:11Z,,4a9b80dc-b37c-49bb-a013-d128bd0936f3,c5b39b9d-37d4-470e-9404-c4d0b1a4080a,72506001,Implantable defibrillator  device (physical object),(01)88794933422885(11)610203(17)860218(10)7259266079286(21)5657271064
2010-05-01T05:24:17Z,,9103d1a7-1c7d-4b04-a16f-bc1aec654140,01113253-835e-489d-a5d7-69efddb3f3c6,72506001,Implantable defibrillator  device (physical object),(01)73318062083545(11)100410(17)350425(10)93397480157(21)5815718273758
1988-11-24T03:47:54Z,,bd7aa454-4c39-4f4a-9cdb-0f32f37c4d3a,b5821aec-196a-4be2-996c-1ae96e8f4793,72506001,Implantable defibrillator  device (physical object),(01)45957937584865(11)881102(17)131117(10)42693949419236(21)6599203578276022
1930-11-06T09:27:26Z,,1d0ea7e6-a06b-4714-93f0-04fb079bc8cb,2da6e917-d081-4648-8fc1-0c569fbc15bf,72506001,Implantable defibrillator  device (physical object),(01)12109017532265(11)301016(17)551031(10)430104645313264817(21)11467
1992-10-06T20:29:51Z,,cdcf3570-95f2-47fd-96cc-5a7f50aa4c5d,fba6d72c-473a-41f5-9e29-c0c8e5fc30d6,72506001,Implantable defibrillator  device (physical object),(01)41651896948827(11)920915(17)170930(10)1436990783536(21)86767
1986-03-11T02:15:57Z,,6ae29de6-4d2a-4797-aa25-c1162c8fa7a1,d33ed5b9-ee4e-4b74-b59c-b14d003babd4,72506001,Implantable defibrillator  device (physical object),(01)28361635734401(11)860217(17)110304(10)300831(21)75535171080971
1982-12-15T18:39:10Z,,e6067a92-7cb7-4c13-bf81-b3ca2daa7411,6baa5bca-dfb1-42ef-951f-1e3d3042f2bd,72506001,Implantable defibrillator  device (physical object),(01)90504103337384(11)821124(17)071209(10)227027055463(21)24720582072807251
1960-08-07T13:39:04Z,,f178c3b3-ef9c-4b38-b551-436941e257f5,9cbca79c-3220-4bab-9da1-ff428a66c94c,72506001,Implantable defibrillator  device (physical object),(01)52807489081925(11)600717(17)850801(10)14325275176(21)8786
2017-10-11T09:49:28Z,,62027462-5ac8-4031-a997-1311ef242b16,623b1ddd-6ed1-47b6-8a68-f2cb6df596c3,706004007,Implantable cardiac pacemaker (physical object),(01)27013032594348(11)170920(17)421005(10)4747055662168552(21)41110634544742
1966-09-13T08:03:11Z,,972a17e6-1178-489b-8814-61f709197643,fc333be5-2d82-47f1-b7e5-32957e634184,72506001,Implantable defibrillator  device (physical object),(01)87222769581803(11)660823(17)910907(10)650646617086993916(21)5667
2014-12-23T04:01:53Z,,ccb54428-1ab7-47a0-9e33-ba81bcafc5fb,e2319d6e-d55d-43f2-b216-1d73da725999,706004007,Implantable cardiac pacemaker (physical object),(01)57486550867230(11)141201(17)391216(10)531149841935277(21)499838322221
1981-04-28T02:13:56Z,,a47fe010-1871-4921-bf99-f1ecf06cf839,aa0585bf-dd1c-4f2c-a2ed-6006233993f3,72506001,Implantable defibrillator  device (physical object),(01)56753304450854(11)810406(17)060421(10)7031707700635(21)334433621
1964-08-06T18:29:16Z,,bfc872c3-b328-4b89-9729-92c824aaf34a,7400432d-c712-483f-9323-a1af962ebf04,72506001,Implantable defibrillator  device (physical object),(01)65424512276171(11)640716(17)890731(10)28761596952479645(21)5351084427523
1970-06-24T00:04:31Z,,fb9ea374-ce83-4791-bc36-069005c3cce4,7aa402ef-99c6-4e0b-b5c3-b4606d188fc2,72506001,Implantable defibrillator  device (physical object),(01)84803528435569(11)700602(17)950617(10)5139937056(21)68658028425925
