b3221cfc-24fb-339e-823d-bc4136cbc4ed,Dual Eligible,7500 Security Blvd,Baltimore,MD,21244,1-877-267-2323,958.46,873.93,27000,7,0,15,0,9,0,8,0,1,0,72,39.317949,-76.7639835,Baltimore County
7caa7254-5050-3b5e-9eae-bd5ea30e809c,Medicare,7500 Security Blvd,Baltimore,MD,21244,1-800-633-4227,40664.72,7976.88,135000,116,0,132,0,76,0,52,0,3,0.842656215,552,39.317949,-76.7639835,Baltimore County
7c4411ce-02f1-39b5-b9ec-dfbea9ad3c1a,Medicaid,7500 Security Blvd,Baltimore,MD,21244,1-877-267-2323,103295.83,53825.65,789750,793,0,185,0,1284,0,240,0,14,0.911947904,3180,39.317949,-76.7639835,Baltimore County
d47b3510-2895-3b70-9897-342d681c769d,Humana,500 West Main St,Louisville,KY,40018,1-844-330-7799,13604,14880,1650700,200,32,0,89,334,7,89,1,7,0.92276451,972,38.25684574,-85.7588664,Jefferson County
6e2f1a2d-27bd-3701-8d08-dae202c58632,Blue Cross Blue Shield,Michigan Plaza,Chicago,IL,60007,1-800-262-2583,36642.53,28987.03,3204000,317,0,175,0,286,0,158,0,7,0.888802819,1800,41.81649788,-87.62303181,Cook County
5059a55e-5d6e-34d1-b6cb-d83d16e57bcf,UnitedHealthcare,9800 Healthcare Lane,Minnetonka,MN,55436,1-888-545-5205,14701.26,14210,2207800,203,9,0,19,341,1,35,1,5,0.945978972,1164,44.89525174,-93.40365391,Hennepin County
4d71f845-a6a9-3c39-b242-14d25ef86a8d,Aetna,151 Farmington Ave,Hartford,CT,06156,1-800-872-3862,11581.54,7983.4,1298000,138,28,0,43,321,19,61,0,6,0.935811259,660,41.766669,-72.690786,Hartford County
047f6ec3-6215-35eb-9608-f9dda363a44c,Cigna Health,900 Cottage Grove Rd,Bloomfield,CT,06002,1-800-997-1654,17137.38,9780,2627100,189,31,0,25,274,15,78,5,5,0.936319223,1260,41.8168538,-72.74227929,Hartford County
42c4fca7-f8a9-3cd1-982a-dd9751bf3e2a,Anthem,220 Virginia Ave,Indianapolis,IN,46204,1-800-331-1476,4458.42,2805,1284800,51,64,0,22,19,158,54,0,5,0.917732547,588,39.76282529,-86.15113177,Marion County
b1c428d6-4f07-31e0-90f0-68ffa6ff8c76,NO_INSURANCE,,,,00nan,,0,79888.69,0,0,5,0,1,0,6,0,5,1,5.204091094,12,18.77609573,100.773935,
b3221cfc-24fb-339e-823d-bc4136cbc4ed,Dual Eligible,7500 Security Blvd,Baltimore,MD,21244,1-877-267-2323,0,0,0,0,0,0,0,0,0,0,0,0,,0,39.317949,-76.7639835,Baltimore County
7caa7254-5050-3b5e-9eae-bd5ea30e809c,Medicare,7500 Security Blvd,Baltimore,MD,21244,1-800-633-4227,16327.74,1213.3,21750,18,0,21,0,8,0,9,0,1,0.873699179,96,39.317949,-76.7639835,Baltimore County
7c4411ce-02f1-39b5-b9ec-dfbea9ad3c1a,Medicaid,7500 Security Blvd,Baltimore,MD,21244,1-877-267-2323,30670.93,10389.04,109500,179,0,17,0,370,0,59,0,5,0.847299132,444,39.317949,-76.7639835,Baltimore County
d47b3510-2895-3b70-9897-342d681c769d,Humana,500 West Main St,Louisville,KY,40018,1-844-330-7799,12705.28,8400,470900,112,7,0,13,147,2,44,0,2,1,276,38.25684574,-85.7588664,Jefferson County
6e2f1a2d-27bd-3701-8d08-dae202c58632,Blue Cross Blue Shield,Michigan Plaza,Chicago,IL,60007,1-800-262-2583,5306.14,2242.22,549000,39,0,6,0,18,0,46,0,1,0.951375826,312,41.81649788,-87.62303181,Cook County
5059a55e-5d6e-34d1-b6cb-d83d16e57bcf,UnitedHealthcare,9800 Healthcare Lane,Minnetonka,MN,55436,1-888-545-5205,10595.2,4480,898700,80,5,0,29,77,1,67,0,4,0.921551068,492,44.89525174,-93.40365391,Hennepin County
4d71f845-a6a9-3c39-b242-14d25ef86a8d,Aetna,151 Farmington Ave,Hartford,CT,06156,1-800-872-3862,13858.08,6305,1282000,107,68,0,52,140,49,71,4,3,0.943286666,648,41.766669,-72.690786,Hartford County
047f6ec3-6215-35eb-9608-f9dda363a44c,Cigna Health,900 Cottage Grove Rd,Bloomfield,CT,06002,1-800-997-1654,30553.68,11280,3328500,222,34,0,102,230,11,147,3,3,0.962431215,1596,41.8168538,-72.74227929,Hartford County
42c4fca7-f8a9-3cd1-982a-dd9751bf3e2a,Anthem,220 Virginia Ave,Indianapolis,IN,46204,1-800-331-1476,11767.08,3685,1843600,82,121,0,78,36,123,92,1,3,0.984450575,840,39.76282529,-86.15113177,Marion County
b1c428d6-4f07-31e0-90f0-68ffa6ff8c76,NO_INSURANCE,,,,00nan,,0,208620.38,0,0,72,0,49,0,33,0,52,1,0.913021458,612,18.77609573,100.773935,
b3221cfc-24fb-339e-823d-bc4136cbc4ed,Dual Eligible,7500 Security Blvd,Baltimore,MD,21244,1-877-267-2323,1975.04,621.75,44500,12,0,10,0,19,0,10,0,1,0.811440719,96,39.317949,-76.7639835,Baltimore County
7caa7254-5050-3b5e-9eae-bd5ea30e809c,Medicare,7500 Security Blvd,Baltimore,MD,21244,1-800-633-4227,0,0,0,0,0,0,0,0,0,0,0,0,,0,39.317949,-76.7639835,Baltimore County
7c4411ce-02f1-39b5-b9ec-dfbea9ad3c1a,Medicaid,7500 Security Blvd,Baltimore,MD,21244,1-877-267-2323,185287.15,35590.81,511250,414,0,252,0,437,0,147,0,4,0.909275763,2052,39.317949,-76.7639835,Baltimore County
d47b3510-2895-3b70-9897-342d681c769d,Humana,500 West Main St,Louisville,KY,40018,1-844-330-7799,0,0,0,0,0,0,0,0,0,0,0,0,,0,38.25684574,-85.7588664,Jefferson County
6e2f1a2d-27bd-3701-8d08-dae202c58632,Blue Cross Blue Shield,Michigan Plaza,Chicago,IL,60007,1-800-262-2583,2347.96,232.21,270000,13,0,1,0,7,0,27,0,2,0.805901018,156,41.81649788,-87.62303181,Cook County
5059a55e-5d6e-34d1-b6cb-d83d16e57bcf,UnitedHealthcare,9800 Healthcare Lane,Minnetonka,MN,55436,1-888-545-5205,14838.72,8120,478800,116,3,0,9,146,0,29,1,1,1,252,44.89525174,-93.40365391,Hennepin County
4d71f845-a6a9-3c39-b242-14d25ef86a8d,Aetna,151 Farmington Ave,Hartford,CT,06156,1-800-872-3862,21935.48,6565,2288000,144,9,0,36,66,0,159,2,4,0.681101302,1152,41.766669,-72.690786,Hartford County
047f6ec3-6215-35eb-9608-f9dda363a44c,Cigna Health,900 Cottage Grove Rd,Bloomfield,CT,06002,1-800-997-1654,551.68,240,50400,4,0,0,0,27,0,0,0,1,0.973336871,24,41.8168538,-72.74227929,Hartford County
42c4fca7-f8a9-3cd1-982a-dd9751bf3e2a,Anthem,220 Virginia Ave,Indianapolis,IN,46204,1-800-331-1476,4156.32,0,338800,21,13,0,6,12,2,43,0,1,0.922989978,156,39.76282529,-86.15113177,Marion County
b1c428d6-4f07-31e0-90f0-68ffa6ff8c76,NO_INSURANCE,,,,00nan,,0,35411.8,0,0,52,0,13,0,28,0,43,1,0.770455864,468,18.77609573,100.773935,
b3221cfc-24fb-339e-823d-bc4136cbc4ed,Dual Eligible,7500 Security Blvd,Baltimore,MD,21244,1-877-267-2323,0,0,0,0,0,0,0,0,0,0,0,0,,0,39.317949,-76.7639835,Baltimore County
7caa7254-5050-3b5e-9eae-bd5ea30e809c,Medicare,7500 Security Blvd,Baltimore,MD,21244,1-800-633-4227,52732.8,3259.18,39750,54,0,42,0,25,0,16,0,1,0.565216876,168,39.317949,-76.7639835,Baltimore County
7c4411ce-02f1-39b5-b9ec-dfbea9ad3c1a,Medicaid,7500 Security Blvd,Baltimore,MD,21244,1-877-267-2323,46675.23,28204.42,273500,442,0,95,0,819,0,110,0,7,0.611948416,1488,39.317949,-76.7639835,Baltimore County
d47b3510-2895-3b70-9897-342d681c769d,Humana,500 West Main St,Louisville,KY,40018,1-844-330-7799,6774.74,8400,938400,107,11,0,36,175,2,43,0,2,0.783241925,552,38.25684574,-85.7588664,Jefferson County
6e2f1a2d-27bd-3701-8d08-dae202c58632,Blue Cross Blue Shield,Michigan Plaza,Chicago,IL,60007,1-800-262-2583,1764.98,1394.49,194400,19,0,4,0,44,0,8,0,1,0.994996382,108,41.81649788,-87.62303181,Cook County
5059a55e-5d6e-34d1-b6cb-d83d16e57bcf,UnitedHealthcare,9800 Healthcare Lane,Minnetonka,MN,55436,1-888-545-5205,3950.1,3850,571900,55,17,0,19,88,11,35,0,2,0.870146003,300,44.89525174,-93.40365391,Hennepin County
4d71f845-a6a9-3c39-b242-14d25ef86a8d,Aetna,151 Farmington Ave,Hartford,CT,06156,1-800-872-3862,11534.76,5200,1406000,118,63,0,31,172,49,109,1,4,0.953570574,708,41.766669,-72.690786,Hartford County
047f6ec3-6215-35eb-9608-f9dda363a44c,Cigna Health,900 Cottage Grove Rd,Bloomfield,CT,06002,1-800-997-1654,5656.48,3420,657300,64,6,0,11,71,0,44,2,2,0.988839568,312,41.8168538,-72.74227929,Hartford County
42c4fca7-f8a9-3cd1-982a-dd9751bf3e2a,Anthem,220 Virginia Ave,Indianapolis,IN,46204,1-800-331-1476,3539.6,715,781000,30,109,0,10,9,190,48,0,4,0.901549045,360,39.76282529,-86.15113177,Marion County
b1c428d6-4f07-31e0-90f0-68ffa6ff8c76,NO_INSURANCE,,,,00nan,,0,43241.6,0,0,35,0,8,0,16,0,29,0,inf,0,18.77609573,100.773935,
b3221cfc-24fb-339e-823d-bc4136cbc4ed,Dual Eligible,7500 Security Blvd,Baltimore,MD,21244,1-877-267-2323,0,0,0,0,0,0,0,0,0,0,0,0,,0,39.317949,-76.7639835,Baltimore County
7caa7254-5050-3b5e-9eae-bd5ea30e809c,Medicare,7500 Security Blvd,Baltimore,MD,21244,1-800-633-4227,0,0,0,0,0,0,0,0,0,0,0,0,,0,39.317949,-76.7639835,Baltimore County
7c4411ce-02f1-39b5-b9ec-dfbea9ad3c1a,Medicaid,7500 Security Blvd,Baltimore,MD,21244,1-877-267-2323,41190.43,8739.39,88750,140,0,27,0,118,0,47,0,2,0.80111649,360,39.317949,-76.7639835,Baltimore County
d47b3510-2895-3b70-9897-342d681c769d,Humana,500 West Main St,Louisville,KY,40018,1-844-330-7799,30924.96,12480,1050600,186,13,0,66,146,0,103,2,3,0.944398341,624,38.25684574,-85.7588664,Jefferson County
6e2f1a2d-27bd-3701-8d08-dae202c58632,Blue Cross Blue Shield,Michigan Plaza,Chicago,IL,60007,1-800-262-2583,236722.09,33518.95,2282400,239,0,243,0,113,0,109,0,3,0.827725417,1284,41.81649788,-87.62303181,Cook County
5059a55e-5d6e-34d1-b6cb-d83d16e57bcf,UnitedHealthcare,9800 Healthcare Lane,Minnetonka,MN,55436,1-888-545-5205,7211.12,2590,765700,42,2,0,9,19,0,38,0,1,0.970588235,408,44.89525174,-93.40365391,Hennepin County
4d71f845-a6a9-3c39-b242-14d25ef86a8d,Aetna,151 Farmington Ave,Hartford,CT,06156,1-800-872-3862,7154.24,780,318000,34,0,0,2,16,0,43,0,1,0.928571429,168,41.766669,-72.690786,Hartford County
047f6ec3-6215-35eb-9608-f9dda363a44c,Cigna Health,900 Cottage Grove Rd,Bloomfield,CT,06002,1-800-997-1654,16063.19,4560,1671600,89,68,0,37,95,57,62,1,2,0.862654088,804,41.8168538,-72.74227929,Hartford County
42c4fca7-f8a9-3cd1-982a-dd9751bf3e2a,Anthem,220 Virginia Ave,Indianapolis,IN,46204,1-800-331-1476,8082.76,1485,1089000,41,25,0,17,15,35,51,0,2,0.891631577,504,39.76282529,-86.15113177,Marion County
b1c428d6-4f07-31e0-90f0-68ffa6ff8c76,NO_INSURANCE,,,,00nan,,0,86605.01,0,0,0,0,0,0,0,0,0,0,,0,18.77609573,100.773935,
b3221cfc-24fb-339e-823d-bc4136cbc4ed,Dual Eligible,7500 Security Blvd,Baltimore,MD,21244,1-877-267-2323,0,0,0,0,0,0,0,0,0,0,0,0,,0,39.317949,-76.7639835,Baltimore County
7caa7254-5050-3b5e-9eae-bd5ea30e809c,Medicare,7500 Security Blvd,Baltimore,MD,21244,1-800-633-4227,142405.21,14757.66,130250,153,0,239,0,58,0,42,0,4,0.760416996,552,39.317949,-76.7639835,Baltimore County
7c4411ce-02f1-39b5-b9ec-dfbea9ad3c1a,Medicaid,7500 Security Blvd,Baltimore,MD,21244,1-877-267-2323,42911.88,13967.62,173000,225,0,33,0,457,0,65,0,6,0.910420416,696,39.317949,-76.7639835,Baltimore County
d47b3510-2895-3b70-9897-342d681c769d,Humana,500 West Main St,Louisville,KY,40018,1-844-330-7799,10201.76,6080,1048900,88,16,0,29,84,10,44,0,3,0.875546752,624,38.25684574,-85.7588664,Jefferson County
6e2f1a2d-27bd-3701-8d08-dae202c58632,Blue Cross Blue Shield,Michigan Plaza,Chicago,IL,60007,1-800-262-2583,36788.59,20029.4,4293000,266,0,31,0,199,0,107,0,6,0.969666372,2388,41.81649788,-87.62303181,Cook County
5059a55e-5d6e-34d1-b6cb-d83d16e57bcf,UnitedHealthcare,9800 Healthcare Lane,Minnetonka,MN,55436,1-888-545-5205,8316.3,3710,929100,65,11,0,17,46,0,40,2,2,0.943806334,492,44.89525174,-93.40365391,Hennepin County
4d71f845-a6a9-3c39-b242-14d25ef86a8d,Aetna,151 Farmington Ave,Hartford,CT,06156,1-800-872-3862,7786.2,3315,646000,60,18,0,19,59,2,44,2,4,0.851851852,324,41.766669,-72.690786,Hartford County
047f6ec3-6215-35eb-9608-f9dda363a44c,Cigna Health,900 Cottage Grove Rd,Bloomfield,CT,06002,1-800-997-1654,935.14,360,44100,7,1,0,4,32,1,0,1,2,0.440579312,24,41.8168538,-72.74227929,Hartford County
42c4fca7-f8a9-3cd1-982a-dd9751bf3e2a,Anthem,220 Virginia Ave,Indianapolis,IN,46204,1-800-331-1476,6085.86,1870,1430000,43,30,0,17,14,15,44,1,1,0.979605823,660,39.76282529,-86.15113177,Marion County
b1c428d6-4f07-31e0-90f0-68ffa6ff8c76,NO_INSURANCE,,,,00nan,,0,387845.76,0,0,630,0,480,0,512,0,207,5,0.896637216,2868,18.77609573,100.773935,
b3221cfc-24fb-339e-823d-bc4136cbc4ed,Dual Eligible,7500 Security Blvd,Baltimore,MD,21244,1-877-267-2323,0,0,0,0,0,0,0,0,0,0,0,0,,0,39.317949,-76.7639835,Baltimore County
7caa7254-5050-3b5e-9eae-bd5ea30e809c,Medicare,7500 Security Blvd,Baltimore,MD,21244,1-800-633-4227,12572.86,686.24,41750,25,0,7,0,11,0,14,0,1,0.84399186,168,39.317949,-76.7639835,Baltimore County
7c4411ce-02f1-39b5-b9ec-dfbea9ad3c1a,Medicaid,7500 Security Blvd,Baltimore,MD,21244,1-877-267-2323,9369.3,2645.39,13250,43,0,6,0,118,0,2,0,3,0.753968851,60,39.317949,-76.7639835,Baltimore County
d47b3510-2895-3b70-9897-342d681c769d,Humana,500 West Main St,Louisville,KY,40018,1-844-330-7799,5902.18,3440,368900,43,0,0,3,62,0,13,0,1,1,216,38.25684574,-85.7588664,Jefferson County
6e2f1a2d-27bd-3701-8d08-dae202c58632,Blue Cross Blue Shield,Michigan Plaza,Chicago,IL,60007,1-800-262-2583,10473.62,5242.65,664200,71,0,12,0,112,0,40,0,1,0.782543221,372,41.81649788,-87.62303181,Cook County
5059a55e-5d6e-34d1-b6cb-d83d16e57bcf,UnitedHealthcare,9800 Healthcare Lane,Minnetonka,MN,55436,1-888-545-5205,5298.76,350,269800,26,2,0,4,16,0,43,0,2,0.846153846,156,44.89525174,-93.40365391,Hennepin County
4d71f845-a6a9-3c39-b242-14d25ef86a8d,Aetna,151 Farmington Ave,Hartford,CT,06156,1-800-872-3862,23330.5,6760,1290000,141,47,0,38,214,6,106,0,4,0.757853293,660,41.766669,-72.690786,Hartford County
047f6ec3-6215-35eb-9608-f9dda363a44c,Cigna Health,900 Cottage Grove Rd,Bloomfield,CT,06002,1-800-997-1654,14418.06,3180,909300,81,7,0,19,74,2,89,0,2,0.969416156,432,41.8168538,-72.74227929,Hartford County
42c4fca7-f8a9-3cd1-982a-dd9751bf3e2a,Anthem,220 Virginia Ave,Indianapolis,IN,46204,1-800-331-1476,5580.06,1155,842600,31,18,0,5,14,9,47,3,2,0.858738153,384,39.76282529,-86.15113177,Marion County
b1c428d6-4f07-31e0-90f0-68ffa6ff8c76,NO_INSURANCE,,,,00nan,,0,61031.16,0,0,104,0,4,0,73,0,39,1,0.941176471,204,18.77609573,100.773935,
b3221cfc-24fb-339e-823d-bc4136cbc4ed,Dual Eligible,7500 Security Blvd,Baltimore,MD,21244,1-877-267-2323,0,0,0,0,0,0,0,0,0,0,0,0,,0,39.317949,-76.7639835,Baltimore County
7caa7254-5050-3b5e-9eae-bd5ea30e809c,Medicare,7500 Security Blvd,Baltimore,MD,21244,1-800-633-4227,11751.07,400,17250,9,0,6,0,4,0,7,0,1,0.79650577,72,39.317949,-76.7639835,Baltimore County
7c4411ce-02f1-39b5-b9ec-dfbea9ad3c1a,Medicaid,7500 Security Blvd,Baltimore,MD,21244,1-877-267-2323,71685.07,15980.44,167250,250,0,64,0,184,0,111,0,5,0.397445703,780,39.317949,-76.7639835,Baltimore County
d47b3510-2895-3b70-9897-342d681c769d,Humana,500 West Main St,Louisville,KY,40018,1-844-330-7799,2470.66,1840,163200,23,2,0,11,63,0,8,0,1,0.967485417,96,38.25684574,-85.7588664,Jefferson County
6e2f1a2d-27bd-3701-8d08-dae202c58632,Blue Cross Blue Shield,Michigan Plaza,Chicago,IL,60007,1-800-262-2583,39289.02,11768.03,1710000,131,0,55,0,97,0,75,0,2,0.957447862,960,41.81649788,-87.62303181,Cook County
5059a55e-5d6e-34d1-b6cb-d83d16e57bcf,UnitedHealthcare,9800 Healthcare Lane,Minnetonka,MN,55436,1-888-545-5205,15928.46,5250,1293900,113,7,0,53,51,0,113,2,3,0.942906656,696,44.89525174,-93.40365391,Hennepin County
4d71f845-a6a9-3c39-b242-14d25ef86a8d,Aetna,151 Farmington Ave,Hartford,CT,06156,1-800-872-3862,10126.18,4680,1240000,79,1,0,10,122,0,45,0,2,0.977542054,624,41.766669,-72.690786,Hartford County
047f6ec3-6215-35eb-9608-f9dda363a44c,Cigna Health,900 Cottage Grove Rd,Bloomfield,CT,06002,1-800-997-1654,8867.46,2940,680400,63,5,0,19,65,0,53,0,1,0.997242003,324,41.8168538,-72.74227929,Hartford County
42c4fca7-f8a9-3cd1-982a-dd9751bf3e2a,Anthem,220 Virginia Ave,Indianapolis,IN,46204,1-800-331-1476,4864.86,1320,871200,33,29,0,42,17,11,35,1,1,0.945526487,396,39.76282529,-86.15113177,Marion County
b1c428d6-4f07-31e0-90f0-68ffa6ff8c76,NO_INSURANCE,,,,00nan,,0,130944.22,0,0,47,0,15,0,9,0,13,0,inf,0,18.77609573,100.773935,
b3221cfc-24fb-339e-823d-bc4136cbc4ed,Dual Eligible,7500 Security Blvd,Baltimore,MD,21244,1-877-267-2323,0,0,0,0,0,0,0,0,0,0,0,0,,0,39.317949,-76.7639835,Baltimore County
7caa7254-5050-3b5e-9eae-bd5ea30e809c,Medicare,7500 Security Blvd,Baltimore,MD,21244,1-800-633-4227,0,0,1750,0,0,0,0,0,0,0,0,1,0,12,39.317949,-76.7639835,Baltimore County
7c4411ce-02f1-39b5-b9ec-dfbea9ad3c1a,Medicaid,7500 Security Blvd,Baltimore,MD,21244,1-877-267-2323,26012.41,10735.23,172000,174,0,31,0,254,0,55,0,5,0.893261193,696,39.317949,-76.7639835,Baltimore County
d47b3510-2895-3b70-9897-342d681c769d,Humana,500 West Main St,Louisville,KY,40018,1-844-330-7799,3819.38,3107.69,328100,39,1,0,3,60,0,28,0,1,0.928453992,192,38.25684574,-85.7588664,Jefferson County
6e2f1a2d-27bd-3701-8d08-dae202c58632,Blue Cross Blue Shield,Michigan Plaza,Chicago,IL,60007,1-800-262-2583,5611.42,2763.67,430200,37,0,10,0,54,0,11,0,1,0.638915766,240,41.81649788,-87.62303181,Cook County
5059a55e-5d6e-34d1-b6cb-d83d16e57bcf,UnitedHealthcare,9800 Healthcare Lane,Minnetonka,MN,55436,1-888-545-5205,4674.79,560,281200,29,0,0,0,7,0,43,0,1,0.920637382,156,44.89525174,-93.40365391,Hennepin County
4d71f845-a6a9-3c39-b242-14d25ef86a8d,Aetna,151 Farmington Ave,Hartford,CT,06156,1-800-872-3862,24621.17,12090,2550000,229,112,0,119,207,8,133,4,3,0.739413911,1296,41.766669,-72.690786,Hartford County
047f6ec3-6215-35eb-9608-f9dda363a44c,Cigna Health,900 Cottage Grove Rd,Bloomfield,CT,06002,1-800-997-1654,8612.64,2940,1024800,64,2,0,29,28,0,58,1,1,0.95170926,492,41.8168538,-72.74227929,Hartford County
42c4fca7-f8a9-3cd1-982a-dd9751bf3e2a,Anthem,220 Virginia Ave,Indianapolis,IN,46204,1-800-331-1476,7759.07,2530,1170400,57,41,0,17,27,89,71,0,2,0.977777778,540,39.76282529,-86.15113177,Marion County
b1c428d6-4f07-31e0-90f0-68ffa6ff8c76,NO_INSURANCE,,,,00nan,,0,151647.12,0,0,43,0,13,0,21,0,53,1,0.956521739,276,18.77609573,100.773935,
b3221cfc-24fb-339e-823d-bc4136cbc4ed,Dual Eligible,7500 Security Blvd,Baltimore,MD,21244,1-877-267-2323,0,0,0,0,0,0,0,0,0,0,0,0,,0,39.317949,-76.7639835,Baltimore County
7caa7254-5050-3b5e-9eae-bd5ea30e809c,Medicare,7500 Security Blvd,Baltimore,MD,21244,1-800-633-4227,0,0,0,0,0,0,0,0,0,0,0,0,,0,39.317949,-76.7639835,Baltimore County
7c4411ce-02f1-39b5-b9ec-dfbea9ad3c1a,Medicaid,7500 Security Blvd,Baltimore,MD,21244,1-877-267-2323,57318.26,17070.17,180000,256,0,58,0,586,0,64,0,4,0.618825801,732,39.317949,-76.7639835,Baltimore County
d47b3510-2895-3b70-9897-342d681c769d,Humana,500 West Main St,Louisville,KY,40018,1-844-330-7799,19578.32,13600,2660500,203,14,0,46,178,3,140,5,4,0.898351921,1584,38.25684574,-85.7588664,Jefferson County
6e2f1a2d-27bd-3701-8d08-dae202c58632,Blue Cross Blue Shield,Michigan Plaza,Chicago,IL,60007,1-800-262-2583,52544.69,10265.85,1229400,100,0,61,0,39,0,65,0,2,0.33737214,684,41.81649788,-87.62303181,Cook County
5059a55e-5d6e-34d1-b6cb-d83d16e57bcf,UnitedHealthcare,9800 Healthcare Lane,Minnetonka,MN,55436,1-888-545-5205,28638.24,19740,2067200,296,21,0,101,271,6,98,1,3,0.97703679,1092,44.89525174,-93.40365391,Hennepin County
4d71f845-a6a9-3c39-b242-14d25ef86a8d,Aetna,151 Farmington Ave,Hartford,CT,06156,1-800-872-3862,4552.28,1495,678000,37,74,0,14,18,61,27,4,1,0.878471278,348,41.766669,-72.690786,Hartford County
047f6ec3-6215-35eb-9608-f9dda363a44c,Cigna Health,900 Cottage Grove Rd,Bloomfield,CT,06002,1-800-997-1654,6816.72,3480,999600,63,8,0,10,79,2,41,0,1,0.9659941,480,41.8168538,-72.74227929,Hartford County
42c4fca7-f8a9-3cd1-982a-dd9751bf3e2a,Anthem,220 Virginia Ave,Indianapolis,IN,46204,1-800-331-1476,3699.44,550,455400,26,11,0,3,13,5,45,0,1,0.944444444,216,39.76282529,-86.15113177,Marion County
b1c428d6-4f07-31e0-90f0-68ffa6ff8c76,NO_INSURANCE,,,,00nan,,0,106638.73,0,0,116,0,8,0,287,0,42,1,1.409463963,480,18.77609573,100.773935,
b3221cfc-24fb-339e-823d-bc4136cbc4ed,Dual Eligible,7500 Security Blvd,Baltimore,MD,21244,1-877-267-2323,8134.7,3505.48,88000,31,0,5,0,15,0,16,0,2,0.720989723,192,39.317949,-76.7639835,Baltimore County
7caa7254-5050-3b5e-9eae-bd5ea30e809c,Medicare,7500 Security Blvd,Baltimore,MD,21244,1-800-633-4227,118132.2,8009.08,175250,150,0,100,0,61,0,62,0,4,0.869365119,732,39.317949,-76.7639835,Baltimore County
7c4411ce-02f1-39b5-b9ec-dfbea9ad3c1a,Medicaid,7500 Security Blvd,Baltimore,MD,21244,1-877-267-2323,275546.8,62636.38,733250,922,0,185,0,1667,0,167,0,10,0.827480525,2952,39.317949,-76.7639835,Baltimore County
d47b3510-2895-3b70-9897-342d681c769d,Humana,500 West Main St,Louisville,KY,40018,1-844-330-7799,5787.76,3520,448800,44,0,0,3,59,0,13,0,1,1,264,38.25684574,-85.7588664,Jefferson County
6e2f1a2d-27bd-3701-8d08-dae202c58632,Blue Cross Blue Shield,Michigan Plaza,Chicago,IL,60007,1-800-262-2583,2184.64,1229.74,194400,16,0,1,0,66,0,2,0,1,1,108,41.81649788,-87.62303181,Cook County
5059a55e-5d6e-34d1-b6cb-d83d16e57bcf,UnitedHealthcare,9800 Healthcare Lane,Minnetonka,MN,55436,1-888-545-5205,8136.32,2520,547200,51,12,0,50,16,8,30,0,1,0.836375073,288,44.89525174,-93.40365391,Hennepin County
4d71f845-a6a9-3c39-b242-14d25ef86a8d,Aetna,151 Farmington Ave,Hartford,CT,06156,1-800-872-3862,21150.22,9100,2570000,143,9,0,69,105,1,92,4,3,0.976753788,1284,41.766669,-72.690786,Hartford County
047f6ec3-6215-35eb-9608-f9dda363a44c,Cigna Health,900 Cottage Grove Rd,Bloomfield,CT,06002,1-800-997-1654,34049.56,11220,2706900,214,12,0,110,173,3,124,2,5,0.89965033,1296,41.8168538,-72.74227929,Hartford County
42c4fca7-f8a9-3cd1-982a-dd9751bf3e2a,Anthem,220 Virginia Ave,Indianapolis,IN,46204,1-800-331-1476,8766.24,3080,1399200,56,100,0,50,19,204,49,1,2,0.985642429,636,39.76282529,-86.15113177,Marion County
b1c428d6-4f07-31e0-90f0-68ffa6ff8c76,NO_INSURANCE,,,,00nan,,0,518144.69,0,0,314,0,230,0,399,0,63,1,1.051124818,684,18.77609573,100.773935,
b3221cfc-24fb-339e-823d-bc4136cbc4ed,Dual Eligible,7500 Security Blvd,Baltimore,MD,21244,1-877-267-2323,0,0,0,0,0,0,0,0,0,0,0,0,,0,39.317949,-76.7639835,Baltimore County
7caa7254-5050-3b5e-9eae-bd5ea30e809c,Medicare,7500 Security Blvd,Baltimore,MD,21244,1-800-633-4227,0,0,0,0,0,0,0,0,0,0,0,0,,0,39.317949,-76.7639835,Baltimore County
7c4411ce-02f1-39b5-b9ec-dfbea9ad3c1a,Medicaid,7500 Security Blvd,Baltimore,MD,21244,1-877-267-2323,9385.32,2108.77,33250,47,0,7,0,57,0,42,0,3,0.890507575,144,39.317949,-76.7639835,Baltimore County
d47b3510-2895-3b70-9897-342d681c769d,Humana,500 West Main St,Louisville,KY,40018,1-844-330-7799,0,0,0,0,0,0,0,0,0,0,0,0,,0,38.25684574,-85.7588664,Jefferson County
6e2f1a2d-27bd-3701-8d08-dae202c58632,Blue Cross Blue Shield,Michigan Plaza,Chicago,IL,60007,1-800-262-2583,39052.44,10384.28,646200,133,0,35,0,133,0,53,0,2,0.887626154,372,41.81649788,-87.62303181,Cook County
5059a55e-5d6e-34d1-b6cb-d83d16e57bcf,UnitedHealthcare,9800 Healthcare Lane,Minnetonka,MN,55436,1-888-545-5205,321.84,0,5700,2,0,0,0,1,0,2,0,1,0,12,44.89525174,-93.40365391,Hennepin County
4d71f845-a6a9-3c39-b242-14d25ef86a8d,Aetna,151 Farmington Ave,Hartford,CT,06156,1-800-872-3862,8360.84,4030,1214000,77,5,0,47,64,0,63,1,2,0.972360016,612,41.766669,-72.690786,Hartford County
047f6ec3-6215-35eb-9608-f9dda363a44c,Cigna Health,900 Cottage Grove Rd,Bloomfield,CT,06002,1-800-997-1654,10080.96,4080,609000,88,34,0,26,199,25,58,1,3,0.831778371,300,41.8168538,-72.74227929,Hartford County
42c4fca7-f8a9-3cd1-982a-dd9751bf3e2a,Anthem,220 Virginia Ave,Indianapolis,IN,46204,1-800-331-1476,14097.64,4730,2580600,117,83,0,50,60,78,135,0,4,0.952439861,1188,39.76282529,-86.15113177,Marion County
b1c428d6-4f07-31e0-90f0-68ffa6ff8c76,NO_INSURANCE,,,,00nan,,0,87377.02,0,0,21,0,1,0,10,0,29,1,1,156,18.77609573,100.773935,
b3221cfc-24fb-339e-823d-bc4136cbc4ed,Dual Eligible,7500 Security Blvd,Baltimore,MD,21244,1-877-267-2323,0,0,0,0,0,0,0,0,0,0,0,0,,0,39.317949,-76.7639835,Baltimore County
7caa7254-5050-3b5e-9eae-bd5ea30e809c,Medicare,7500 Security Blvd,Baltimore,MD,21244,1-800-633-4227,0,0,750,0,0,0,0,0,0,0,0,1,0,12,39.317949,-76.7639835,Baltimore County
7c4411ce-02f1-39b5-b9ec-dfbea9ad3c1a,Medicaid,7500 Security Blvd,Baltimore,MD,21244,1-877-267-2323,55187.33,18046.81,88250,279,0,35,0,838,0,39,0,8,0.902911645,360,39.317949,-76.7639835,Baltimore County
d47b3510-2895-3b70-9897-342d681c769d,Humana,500 West Main St,Louisville,KY,40018,1-844-330-7799,7615.16,3680,851700,62,2,0,19,28,0,57,0,3,0.83926558,516,38.25684574,-85.7588664,Jefferson County
6e2f1a2d-27bd-3701-8d08-dae202c58632,Blue Cross Blue Shield,Michigan Plaza,Chicago,IL,60007,1-800-262-2583,14127.69,3574.44,235800,35,0,17,0,45,0,12,0,2,0.769354958,132,41.81649788,-87.62303181,Cook County
5059a55e-5d6e-34d1-b6cb-d83d16e57bcf,UnitedHealthcare,9800 Healthcare Lane,Minnetonka,MN,55436,1-888-545-5205,16445.58,7488.31,1573200,132,24,0,50,117,10,119,1,6,0.938097196,828,44.89525174,-93.40365391,Hennepin County
4d71f845-a6a9-3c39-b242-14d25ef86a8d,Aetna,151 Farmington Ave,Hartford,CT,06156,1-800-872-3862,19514.18,7995,2110000,151,63,0,65,148,36,102,2,4,0.978796149,1056,41.766669,-72.690786,Hartford County
047f6ec3-6215-35eb-9608-f9dda363a44c,Cigna Health,900 Cottage Grove Rd,Bloomfield,CT,06002,1-800-997-1654,33892.43,15000,2908500,279,136,0,219,251,37,153,2,5,0.718258194,1392,41.8168538,-72.74227929,Hartford County
42c4fca7-f8a9-3cd1-982a-dd9751bf3e2a,Anthem,220 Virginia Ave,Indianapolis,IN,46204,1-800-331-1476,12779.92,4345,2323200,94,128,0,71,43,164,94,2,5,0.948960182,1068,39.76282529,-86.15113177,Marion County
b1c428d6-4f07-31e0-90f0-68ffa6ff8c76,NO_INSURANCE,,,,00nan,,0,225325.51,0,0,0,0,0,0,0,0,0,0,,0,18.77609573,100.773935,
b3221cfc-24fb-339e-823d-bc4136cbc4ed,Dual Eligible,7500 Security Blvd,Baltimore,MD,21244,1-877-267-2323,0,0,0,0,0,0,0,0,0,0,0,0,,0,39.317949,-76.7639835,Baltimore County
7caa7254-5050-3b5e-9eae-bd5ea30e809c,Medicare,7500 Security Blvd,Baltimore,MD,21244,1-800-633-4227,65639.82,5855.46,157750,135,0,57,0,45,0,62,0,4,0.88278679,648,39.317949,-76.7639835,Baltimore County
7c4411ce-02f1-39b5-b9ec-dfbea9ad3c1a,Medicaid,7500 Security Blvd,Baltimore,MD,21244,1-877-267-2323,14828.44,8232.87,51000,134,0,9,0,324,0,6,0,5,0.980740581,204,39.317949,-76.7639835,Baltimore County
d47b3510-2895-3b70-9897-342d681c769d,Humana,500 West Main St,Louisville,KY,40018,1-844-330-7799,11655.92,11040,1142400,139,14,0,27,272,6,36,3,3,0.952244606,672,38.25684574,-85.7588664,Jefferson County
6e2f1a2d-27bd-3701-8d08-dae202c58632,Blue Cross Blue Shield,Michigan Plaza,Chicago,IL,60007,1-800-262-2583,56758.35,17301.42,1677600,210,0,73,0,226,0,103,0,4,0.973592567,936,41.81649788,-87.62303181,Cook County
5059a55e-5d6e-34d1-b6cb-d83d16e57bcf,UnitedHealthcare,9800 Healthcare Lane,Minnetonka,MN,55436,1-888-545-5205,10960.64,7490,1561800,113,11,0,36,103,3,62,1,4,0.945597523,828,44.89525174,-93.40365391,Hennepin County
4d71f845-a6a9-3c39-b242-14d25ef86a8d,Aetna,151 Farmington Ave,Hartford,CT,06156,1-800-872-3862,19784.44,12545,3156000,198,5,0,29,103,2,92,3,5,0.970407003,1596,41.766669,-72.690786,Hartford County
047f6ec3-6215-35eb-9608-f9dda363a44c,Cigna Health,900 Cottage Grove Rd,Bloomfield,CT,06002,1-800-997-1654,17518.24,8280,2158800,158,11,0,22,194,0,96,2,4,0.986177693,1032,41.8168538,-72.74227929,Hartford County
42c4fca7-f8a9-3cd1-982a-dd9751bf3e2a,Anthem,220 Virginia Ave,Indianapolis,IN,46204,1-800-331-1476,12141.12,4840,3020600,104,153,0,48,45,126,94,3,5,0.981091583,1380,39.76282529,-86.15113177,Marion County
b1c428d6-4f07-31e0-90f0-68ffa6ff8c76,NO_INSURANCE,,,,00nan,,0,140766.59,0,0,8,0,14,0,21,0,3,1,1,12,18.77609573,100.773935,
b3221cfc-24fb-339e-823d-bc4136cbc4ed,Dual Eligible,7500 Security Blvd,Baltimore,MD,21244,1-877-267-2323,0,0,0,0,0,0,0,0,0,0,0,0,,0,39.317949,-76.7639835,Baltimore County
7caa7254-5050-3b5e-9eae-bd5ea30e809c,Medicare,7500 Security Blvd,Baltimore,MD,21244,1-800-633-4227,31451.1,2660.09,58500,54,0,45,0,33,0,23,0,2,0.875111164,252,39.317949,-76.7639835,Baltimore County
7c4411ce-02f1-39b5-b9ec-dfbea9ad3c1a,Medicaid,7500 Security Blvd,Baltimore,MD,21244,1-877-267-2323,28589.58,8605.03,57500,137,0,25,0,299,0,38,0,5,0.655938879,240,39.317949,-76.7639835,Baltimore County
d47b3510-2895-3b70-9897-342d681c769d,Humana,500 West Main St,Louisville,KY,40018,1-844-330-7799,9325,9120,1429700,119,10,0,22,131,4,52,3,2,0.971137136,852,38.25684574,-85.7588664,Jefferson County
6e2f1a2d-27bd-3701-8d08-dae202c58632,Blue Cross Blue Shield,Michigan Plaza,Chicago,IL,60007,1-800-262-2583,49790.63,11684.9,1276200,131,0,68,0,138,0,98,0,6,0.806437789,720,41.81649788,-87.62303181,Cook County
5059a55e-5d6e-34d1-b6cb-d83d16e57bcf,UnitedHealthcare,9800 Healthcare Lane,Minnetonka,MN,55436,1-888-545-5205,5085,4060,410400,59,4,0,12,35,0,22,0,2,0.927851196,216,44.89525174,-93.40365391,Hennepin County
4d71f845-a6a9-3c39-b242-14d25ef86a8d,Aetna,151 Farmington Ave,Hartford,CT,06156,1-800-872-3862,12180,8125,1626000,131,19,0,52,158,0,69,2,2,0.920668367,816,41.766669,-72.690786,Hartford County
047f6ec3-6215-35eb-9608-f9dda363a44c,Cigna Health,900 Cottage Grove Rd,Bloomfield,CT,06002,1-800-997-1654,14235,7620,760200,141,30,0,18,135,16,28,1,1,0.648673939,372,41.8168538,-72.74227929,Hartford County
42c4fca7-f8a9-3cd1-982a-dd9751bf3e2a,Anthem,220 Virginia Ave,Indianapolis,IN,46204,1-800-331-1476,18755,8525,4191000,176,364,0,540,75,340,153,19,5,0.862802253,1908,39.76282529,-86.15113177,Marion County
b1c428d6-4f07-31e0-90f0-68ffa6ff8c76,NO_INSURANCE,,,,00nan,,0,414764.11,0,0,180,0,19,0,141,0,77,3,1.087013366,660,18.77609573,100.773935,
b3221cfc-24fb-339e-823d-bc4136cbc4ed,Dual Eligible,7500 Security Blvd,Baltimore,MD,21244,1-877-267-2323,0,0,0,0,0,0,0,0,0,0,0,0,,0,39.317949,-76.7639835,Baltimore County
7caa7254-5050-3b5e-9eae-bd5ea30e809c,Medicare,7500 Security Blvd,Baltimore,MD,21244,1-800-633-4227,206779.41,5178.66,83250,80,0,81,0,57,0,32,0,3,0.734757764,360,39.317949,-76.7639835,Baltimore County
7c4411ce-02f1-39b5-b9ec-dfbea9ad3c1a,Medicaid,7500 Security Blvd,Baltimore,MD,21244,1-877-267-2323,43802.82,15229.22,141500,227,0,37,0,582,0,37,0,5,0.19064214,936,39.317949,-76.7639835,Baltimore County
d47b3510-2895-3b70-9897-342d681c769d,Humana,500 West Main St,Louisville,KY,40018,1-844-330-7799,9344,6960,1043800,100,25,0,14,112,17,63,2,4,0.914545451,624,38.25684574,-85.7588664,Jefferson County
6e2f1a2d-27bd-3701-8d08-dae202c58632,Blue Cross Blue Shield,Michigan Plaza,Chicago,IL,60007,1-800-262-2583,5418.94,2436.34,428400,45,0,12,0,47,0,48,0,2,0.838517805,240,41.81649788,-87.62303181,Cook County
5059a55e-5d6e-34d1-b6cb-d83d16e57bcf,UnitedHealthcare,9800 Healthcare Lane,Minnetonka,MN,55436,1-888-545-5205,4397.68,2450,467400,42,7,0,5,104,3,12,0,2,0.774019135,252,44.89525174,-93.40365391,Hennepin County
4d71f845-a6a9-3c39-b242-14d25ef86a8d,Aetna,151 Farmington Ave,Hartford,CT,06156,1-800-872-3862,21857.52,12870,1328000,213,6,0,26,238,0,70,1,3,0.923572092,672,41.766669,-72.690786,Hartford County
047f6ec3-6215-35eb-9608-f9dda363a44c,Cigna Health,900 Cottage Grove Rd,Bloomfield,CT,06002,1-800-997-1654,19404.16,9780,2937900,179,24,0,134,104,0,107,7,4,0.941930513,1404,41.8168538,-72.74227929,Hartford County
42c4fca7-f8a9-3cd1-982a-dd9751bf3e2a,Anthem,220 Virginia Ave,Indianapolis,IN,46204,1-800-331-1476,6280.04,2035,1452000,51,68,0,22,26,149,71,0,3,0.783068101,660,39.76282529,-86.15113177,Marion County
b1c428d6-4f07-31e0-90f0-68ffa6ff8c76,NO_INSURANCE,,,,00nan,,0,205242.48,0,0,273,0,149,0,237,0,148,2,1.542985461,1188,18.77609573,100.773935,
b3221cfc-24fb-339e-823d-bc4136cbc4ed,Dual Eligible,7500 Security Blvd,Baltimore,MD,21244,1-877-267-2323,2953.5,700,11500,7,0,3,0,1,0,5,0,1,0,48,39.317949,-76.7639835,Baltimore County
7caa7254-5050-3b5e-9eae-bd5ea30e809c,Medicare,7500 Security Blvd,Baltimore,MD,21244,1-800-633-4227,36662.8,4065.18,101750,66,0,66,0,30,0,37,0,2,0.874093241,420,39.317949,-76.7639835,Baltimore County
7c4411ce-02f1-39b5-b9ec-dfbea9ad3c1a,Medicaid,7500 Security Blvd,Baltimore,MD,21244,1-877-267-2323,48503.18,15597.79,251000,251,0,48,0,422,0,95,0,5,0.960025036,1008,39.317949,-76.7639835,Baltimore County
d47b3510-2895-3b70-9897-342d681c769d,Humana,500 West Main St,Louisville,KY,40018,1-844-330-7799,6614,8000,1060800,100,8,0,13,120,2,31,3,2,0.955488081,624,38.25684574,-85.7588664,Jefferson County
6e2f1a2d-27bd-3701-8d08-dae202c58632,Blue Cross Blue Shield,Michigan Plaza,Chicago,IL,60007,1-800-262-2583,17191.6,10724.03,1222200,142,0,21,0,255,0,75,0,4,0.980584274,684,41.81649788,-87.62303181,Cook County
5059a55e-5d6e-34d1-b6cb-d83d16e57bcf,UnitedHealthcare,9800 Healthcare Lane,Minnetonka,MN,55436,1-888-545-5205,5886.12,2590,418000,58,2,0,16,124,0,45,0,4,0.923366727,228,44.89525174,-93.40365391,Hennepin County
4d71f845-a6a9-3c39-b242-14d25ef86a8d,Aetna,151 Farmington Ave,Hartford,CT,06156,1-800-872-3862,8018.48,3965,1240000,82,11,0,23,71,3,80,0,3,0.96218951,636,41.766669,-72.690786,Hartford County
047f6ec3-6215-35eb-9608-f9dda363a44c,Cigna Health,900 Cottage Grove Rd,Bloomfield,CT,06002,1-800-997-1654,5408.4,3360,1005900,60,3,0,11,27,0,41,0,1,0.972663639,480,41.8168538,-72.74227929,Hartford County
42c4fca7-f8a9-3cd1-982a-dd9751bf3e2a,Anthem,220 Virginia Ave,Indianapolis,IN,46204,1-800-331-1476,4926.3,1650,1012000,45,40,0,53,21,52,59,0,4,0.912179194,468,39.76282529,-86.15113177,Marion County
b1c428d6-4f07-31e0-90f0-68ffa6ff8c76,NO_INSURANCE,,,,00nan,,0,55030.42,0,0,2,0,0,0,2,0,0,0,inf,0,18.77609573,100.773935,
b3221cfc-24fb-339e-823d-bc4136cbc4ed,Dual Eligible,7500 Security Blvd,Baltimore,MD,21244,1-877-267-2323,0,0,0,0,0,0,0,0,0,0,0,0,,0,39.317949,-76.7639835,Baltimore County
7caa7254-5050-3b5e-9eae-bd5ea30e809c,Medicare,7500 Security Blvd,Baltimore,MD,21244,1-800-633-4227,0,0,0,0,0,0,0,0,0,0,0,0,,0,39.317949,-76.7639835,Baltimore County
7c4411ce-02f1-39b5-b9ec-dfbea9ad3c1a,Medicaid,7500 Security Blvd,Baltimore,MD,21244,1-877-267-2323,104646.96,28381.61,440250,435,0,107,0,777,0,181,0,4,0.512907615,2052,39.317949,-76.7639835,Baltimore County
d47b3510-2895-3b70-9897-342d681c769d,Humana,500 West Main St,Louisville,KY,40018,1-844-330-7799,0,0,0,0,0,0,0,0,0,0,0,0,,0,38.25684574,-85.7588664,Jefferson County
6e2f1a2d-27bd-3701-8d08-dae202c58632,Blue Cross Blue Shield,Michigan Plaza,Chicago,IL,60007,1-800-262-2583,10597.5,8990.23,664200,125,0,6,0,95,0,30,0,1,0.935108672,372,41.81649788,-87.62303181,Cook County
5059a55e-5d6e-34d1-b6cb-d83d16e57bcf,UnitedHealthcare,9800 Healthcare Lane,Minnetonka,MN,55436,1-888-545-5205,8633.84,5110,1204600,88,2,0,42,41,0,63,3,1,0.980455868,636,44.89525174,-93.40365391,Hennepin County
4d71f845-a6a9-3c39-b242-14d25ef86a8d,Aetna,151 Farmington Ave,Hartford,CT,06156,1-800-872-3862,4505.74,2210,686000,43,1,0,7,21,0,46,0,1,0.964911447,348,41.766669,-72.690786,Hartford County
047f6ec3-6215-35eb-9608-f9dda363a44c,Cigna Health,900 Cottage Grove Rd,Bloomfield,CT,06002,1-800-997-1654,6189,1620,728700,50,17,0,8,102,8,46,0,2,0.860206167,360,41.8168538,-72.74227929,Hartford County
42c4fca7-f8a9-3cd1-982a-dd9751bf3e2a,Anthem,220 Virginia Ave,Indianapolis,IN,46204,1-800-331-1476,6649.34,3190,1540000,63,120,0,60,34,146,68,1,2,0.962512469,708,39.76282529,-86.15113177,Marion County
b1c428d6-4f07-31e0-90f0-68ffa6ff8c76,NO_INSURANCE,,,,00nan,,0,81963.42,0,0,96,0,11,0,57,0,56,1,4.230938374,276,18.77609573,100.773935,
b3221cfc-24fb-339e-823d-bc4136cbc4ed,Dual Eligible,7500 Security Blvd,Baltimore,MD,21244,1-877-267-2323,0,0,0,0,0,0,0,0,0,0,0,0,,0,39.317949,-76.7639835,Baltimore County
7caa7254-5050-3b5e-9eae-bd5ea30e809c,Medicare,7500 Security Blvd,Baltimore,MD,21244,1-800-633-4227,104117.83,13747.17,275750,221,0,163,0,94,0,93,0,3,0.921586912,1128,39.317949,-76.7639835,Baltimore County
7c4411ce-02f1-39b5-b9ec-dfbea9ad3c1a,Medicaid,7500 Security Blvd,Baltimore,MD,21244,1-877-267-2323,95032.47,37718.18,272000,563,0,114,0,1064,0,90,0,8,0.684538716,1104,39.317949,-76.7639835,Baltimore County
d47b3510-2895-3b70-9897-342d681c769d,Humana,500 West Main St,Louisville,KY,40018,1-844-330-7799,4564.5,6800,734400,85,6,0,15,186,0,32,0,5,0.958479575,432,38.25684574,-85.7588664,Jefferson County
6e2f1a2d-27bd-3701-8d08-dae202c58632,Blue Cross Blue Shield,Michigan Plaza,Chicago,IL,60007,1-800-262-2583,10069.49,7716.15,801000,113,0,13,0,227,0,36,0,6,0.944110256,456,41.81649788,-87.62303181,Cook County
5059a55e-5d6e-34d1-b6cb-d83d16e57bcf,UnitedHealthcare,9800 Healthcare Lane,Minnetonka,MN,55436,1-888-545-5205,21611.8,20370,3250900,314,61,0,174,345,37,129,3,5,0.952477067,1716,44.89525174,-93.40365391,Hennepin County
4d71f845-a6a9-3c39-b242-14d25ef86a8d,Aetna,151 Farmington Ave,Hartford,CT,06156,1-800-872-3862,10856.7,7995,1194000,141,11,0,23,315,4,70,1,6,0.932285691,612,41.766669,-72.690786,Hartford County
047f6ec3-6215-35eb-9608-f9dda363a44c,Cigna Health,900 Cottage Grove Rd,Bloomfield,CT,06002,1-800-997-1654,1842.5,1500,98700,25,11,0,5,95,9,2,1,2,1,48,41.8168538,-72.74227929,Hartford County
42c4fca7-f8a9-3cd1-982a-dd9751bf3e2a,Anthem,220 Virginia Ave,Indianapolis,IN,46204,1-800-331-1476,12179.7,5335,3060200,131,193,0,159,47,247,124,2,4,0.955377136,1404,39.76282529,-86.15113177,Marion County
b1c428d6-4f07-31e0-90f0-68ffa6ff8c76,NO_INSURANCE,,,,00nan,,0,173237.85,0,0,47,0,3,0,18,0,43,1,0.975535953,492,18.77609573,100.773935,
b3221cfc-24fb-339e-823d-bc4136cbc4ed,Dual Eligible,7500 Security Blvd,Baltimore,MD,21244,1-877-267-2323,0,0,0,0,0,0,0,0,0,0,0,0,,0,39.317949,-76.7639835,Baltimore County
7caa7254-5050-3b5e-9eae-bd5ea30e809c,Medicare,7500 Security Blvd,Baltimore,MD,21244,1-800-633-4227,237335.88,33496.54,76500,155,0,819,0,43,0,20,0,2,0.493814317,312,39.317949,-76.7639835,Baltimore County
7c4411ce-02f1-39b5-b9ec-dfbea9ad3c1a,Medicaid,7500 Security Blvd,Baltimore,MD,21244,1-877-267-2323,35621.11,8942.44,101250,145,0,29,0,366,0,53,0,6,0.175462998,840,39.317949,-76.7639835,Baltimore County
d47b3510-2895-3b70-9897-342d681c769d,Humana,500 West Main St,Louisville,KY,40018,1-844-330-7799,5907.1,2480,426700,45,51,0,42,95,44,26,0,3,0.812123919,252,38.25684574,-85.7588664,Jefferson County
6e2f1a2d-27bd-3701-8d08-dae202c58632,Blue Cross Blue Shield,Michigan Plaza,Chicago,IL,60007,1-800-262-2583,337934.42,80667.3,3304800,475,0,824,0,295,0,201,0,6,0.758675267,1836,41.81649788,-87.62303181,Cook County
5059a55e-5d6e-34d1-b6cb-d83d16e57bcf,UnitedHealthcare,9800 Healthcare Lane,Minnetonka,MN,55436,1-888-545-5205,22443.74,9869.89,1996900,174,15,0,81,132,3,123,3,4,0.906916368,1056,44.89525174,-93.40365391,Hennepin County
4d71f845-a6a9-3c39-b242-14d25ef86a8d,Aetna,151 Farmington Ave,Hartford,CT,06156,1-800-872-3862,606.9,325,72000,5,1,0,7,11,0,3,0,1,0.513624965,36,41.766669,-72.690786,Hartford County
047f6ec3-6215-35eb-9608-f9dda363a44c,Cigna Health,900 Cottage Grove Rd,Bloomfield,CT,06002,1-800-997-1654,7390.04,3420,554400,58,6,0,12,106,2,33,1,2,0.996658275,264,41.8168538,-72.74227929,Hartford County
42c4fca7-f8a9-3cd1-982a-dd9751bf3e2a,Anthem,220 Virginia Ave,Indianapolis,IN,46204,1-800-331-1476,788.28,330,158400,6,11,0,16,13,10,6,0,1,0.516076114,72,39.76282529,-86.15113177,Marion County
b1c428d6-4f07-31e0-90f0-68ffa6ff8c76,NO_INSURANCE,,,,00nan,,0,124744.02,0,0,57,0,14,0,17,0,64,0,inf,0,18.77609573,100.773935,
b3221cfc-24fb-339e-823d-bc4136cbc4ed,Dual Eligible,7500 Security Blvd,Baltimore,MD,21244,1-877-267-2323,0,0,0,0,0,0,0,0,0,0,0,0,,0,39.317949,-76.7639835,Baltimore County
7caa7254-5050-3b5e-9eae-bd5ea30e809c,Medicare,7500 Security Blvd,Baltimore,MD,21244,1-800-633-4227,897964.15,94757.93,1034250,1140,0,1407,0,477,0,330,0,20,0.779892134,4272,39.317949,-76.7639835,Baltimore County
7c4411ce-02f1-39b5-b9ec-dfbea9ad3c1a,Medicaid,7500 Security Blvd,Baltimore,MD,21244,1-877-267-2323,50339.76,17136.66,111250,281,0,25,0,484,0,58,0,4,0.925780528,456,39.317949,-76.7639835,Baltimore County
d47b3510-2895-3b70-9897-342d681c769d,Humana,500 West Main St,Louisville,KY,40018,1-844-330-7799,105687.8,65917.49,9559100,831,183,0,534,636,22,220,14,10,0.883496441,5616,38.25684574,-85.7588664,Jefferson County
6e2f1a2d-27bd-3701-8d08-dae202c58632,Blue Cross Blue Shield,Michigan Plaza,Chicago,IL,60007,1-800-262-2583,214230.55,35352.7,4078800,336,0,178,0,155,0,132,0,3,0.926818569,2280,41.81649788,-87.62303181,Cook County
5059a55e-5d6e-34d1-b6cb-d83d16e57bcf,UnitedHealthcare,9800 Healthcare Lane,Minnetonka,MN,55436,1-888-545-5205,43457.88,22260,5371300,318,63,0,106,203,7,63,18,5,0.900023496,2832,44.89525174,-93.40365391,Hennepin County
4d71f845-a6a9-3c39-b242-14d25ef86a8d,Aetna,151 Farmington Ave,Hartford,CT,06156,1-800-872-3862,111683.16,48685,9678000,776,34,0,292,430,9,202,8,9,0.914772479,4860,41.766669,-72.690786,Hartford County
047f6ec3-6215-35eb-9608-f9dda363a44c,Cigna Health,900 Cottage Grove Rd,Bloomfield,CT,06002,1-800-997-1654,125834.34,49620,12600000,849,38,0,284,613,3,265,5,10,0.965954921,6012,41.8168538,-72.74227929,Hartford County
42c4fca7-f8a9-3cd1-982a-dd9751bf3e2a,Anthem,220 Virginia Ave,Indianapolis,IN,46204,1-800-331-1476,14212.74,4180,2127400,89,84,0,102,42,69,51,2,3,0.829127065,972,39.76282529,-86.15113177,Marion County
b1c428d6-4f07-31e0-90f0-68ffa6ff8c76,NO_INSURANCE,,,,00nan,,0,1167545.55,0,0,181,0,29,0,91,0,66,3,0.949756262,1236,18.77609573,100.773935,
b3221cfc-24fb-339e-823d-bc4136cbc4ed,Dual Eligible,7500 Security Blvd,Baltimore,MD,21244,1-877-267-2323,0,0,0,0,0,0,0,0,0,0,0,0,,0,39.317949,-76.7639835,Baltimore County
7caa7254-5050-3b5e-9eae-bd5ea30e809c,Medicare,7500 Security Blvd,Baltimore,MD,21244,1-800-633-4227,0,0,0,0,0,0,0,0,0,0,0,0,,0,39.317949,-76.7639835,Baltimore County
7c4411ce-02f1-39b5-b9ec-dfbea9ad3c1a,Medicaid,7500 Security Blvd,Baltimore,MD,21244,1-877-267-2323,15508.66,5951.36,64250,120,0,8,0,277,0,44,0,4,0.870148113,276,39.317949,-76.7639835,Baltimore County
d47b3510-2895-3b70-9897-342d681c769d,Humana,500 West Main St,Louisville,KY,40018,1-844-330-7799,3598.58,3040,460700,39,6,0,10,61,1,26,0,3,0.946990002,276,38.25684574,-85.7588664,Jefferson County
6e2f1a2d-27bd-3701-8d08-dae202c58632,Blue Cross Blue Shield,Michigan Plaza,Chicago,IL,60007,1-800-262-2583,7838.59,4024.15,671400,68,0,10,0,57,0,69,0,2,0.964219627,372,41.81649788,-87.62303181,Cook County
5059a55e-5d6e-34d1-b6cb-d83d16e57bcf,UnitedHealthcare,9800 Healthcare Lane,Minnetonka,MN,55436,1-888-545-5205,20791.8,11550,2319900,190,26,0,31,275,7,107,3,5,0.965604762,1224,44.89525174,-93.40365391,Hennepin County
4d71f845-a6a9-3c39-b242-14d25ef86a8d,Aetna,151 Farmington Ave,Hartford,CT,06156,1-800-872-3862,0,0,0,0,0,0,0,0,0,0,0,0,,0,41.766669,-72.690786,Hartford County
047f6ec3-6215-35eb-9608-f9dda363a44c,Cigna Health,900 Cottage Grove Rd,Bloomfield,CT,06002,1-800-997-1654,10670.46,5160,1440600,93,22,0,24,170,14,48,0,3,0.942948278,696,41.8168538,-72.74227929,Hartford County
42c4fca7-f8a9-3cd1-982a-dd9751bf3e2a,Anthem,220 Virginia Ave,Indianapolis,IN,46204,1-800-331-1476,4176.82,1100,721600,31,22,0,6,13,50,51,2,3,0.923463775,348,39.76282529,-86.15113177,Marion County
b1c428d6-4f07-31e0-90f0-68ffa6ff8c76,NO_INSURANCE,,,,00nan,,0,60677.89,0,0,215,0,34,0,110,0,57,2,0.745987462,492,18.77609573,100.773935,
b3221cfc-24fb-339e-823d-bc4136cbc4ed,Dual Eligible,7500 Security Blvd,Baltimore,MD,21244,1-877-267-2323,26773.28,8077.85,233500,73,0,28,0,32,0,45,0,2,0.880960235,480,39.317949,-76.7639835,Baltimore County
7caa7254-5050-3b5e-9eae-bd5ea30e809c,Medicare,7500 Security Blvd,Baltimore,MD,21244,1-800-633-4227,0,0,0,0,0,0,0,0,0,0,0,0,,0,39.317949,-76.7639835,Baltimore County
7c4411ce-02f1-39b5-b9ec-dfbea9ad3c1a,Medicaid,7500 Security Blvd,Baltimore,MD,21244,1-877-267-2323,123043.24,30399.18,399500,421,0,110,0,855,0,77,0,4,0.899519025,1596,39.317949,-76.7639835,Baltimore County
d47b3510-2895-3b70-9897-342d681c769d,Humana,500 West Main St,Louisville,KY,40018,1-844-330-7799,17008.92,10960,2201500,161,20,0,18,113,2,132,10,3,0.881564548,1308,38.25684574,-85.7588664,Jefferson County
6e2f1a2d-27bd-3701-8d08-dae202c58632,Blue Cross Blue Shield,Michigan Plaza,Chicago,IL,60007,1-800-262-2583,8631.56,4088.41,333000,73,0,4,0,59,0,44,0,1,0.937366079,192,41.81649788,-87.62303181,Cook County
5059a55e-5d6e-34d1-b6cb-d83d16e57bcf,UnitedHealthcare,9800 Healthcare Lane,Minnetonka,MN,55436,1-888-545-5205,30736.96,16471.4,3541600,278,59,0,99,201,1,194,2,5,0.765755598,1884,44.89525174,-93.40365391,Hennepin County
4d71f845-a6a9-3c39-b242-14d25ef86a8d,Aetna,151 Farmington Ave,Hartford,CT,06156,1-800-872-3862,0,0,0,0,0,0,0,0,0,0,0,0,,0,41.766669,-72.690786,Hartford County
047f6ec3-6215-35eb-9608-f9dda363a44c,Cigna Health,900 Cottage Grove Rd,Bloomfield,CT,06002,1-800-997-1654,12126.88,5940,1656900,104,7,0,19,127,1,69,1,2,0.962519504,792,41.8168538,-72.74227929,Hartford County
42c4fca7-f8a9-3cd1-982a-dd9751bf3e2a,Anthem,220 Virginia Ave,Indianapolis,IN,46204,1-800-331-1476,987.32,55,429000,6,39,0,9,1,68,10,1,1,0.932308168,204,39.76282529,-86.15113177,Marion County
b1c428d6-4f07-31e0-90f0-68ffa6ff8c76,NO_INSURANCE,,,,00nan,,0,107917.83,0,0,0,0,0,0,0,0,0,0,,0,18.77609573,100.773935,
b3221cfc-24fb-339e-823d-bc4136cbc4ed,Dual Eligible,7500 Security Blvd,Baltimore,MD,21244,1-877-267-2323,5278.21,1604.92,25500,11,0,11,0,1,0,5,0,1,0.657441702,60,39.317949,-76.7639835,Baltimore County
7caa7254-5050-3b5e-9eae-bd5ea30e809c,Medicare,7500 Security Blvd,Baltimore,MD,21244,1-800-633-4227,0,0,0,0,0,0,0,0,0,0,0,0,,0,39.317949,-76.7639835,Baltimore County
7c4411ce-02f1-39b5-b9ec-dfbea9ad3c1a,Medicaid,7500 Security Blvd,Baltimore,MD,21244,1-877-267-2323,79575.69,20342.78,228000,219,0,169,0,244,0,71,0,4,0.91434418,912,39.317949,-76.7639835,Baltimore County
d47b3510-2895-3b70-9897-342d681c769d,Humana,500 West Main St,Louisville,KY,40018,1-844-330-7799,6968.34,7120,1312400,103,5,0,56,93,0,68,2,2,0.970574852,780,38.25684574,-85.7588664,Jefferson County
6e2f1a2d-27bd-3701-8d08-dae202c58632,Blue Cross Blue Shield,Michigan Plaza,Chicago,IL,60007,1-800-262-2583,2692.13,3126.08,172800,40,0,3,0,141,0,4,0,1,1,96,41.81649788,-87.62303181,Cook County
5059a55e-5d6e-34d1-b6cb-d83d16e57bcf,UnitedHealthcare,9800 Healthcare Lane,Minnetonka,MN,55436,1-888-545-5205,22188.74,16520,1248300,283,18,0,68,265,7,106,2,4,0.866810022,672,44.89525174,-93.40365391,Hennepin County
4d71f845-a6a9-3c39-b242-14d25ef86a8d,Aetna,151 Farmington Ave,Hartford,CT,06156,1-800-872-3862,1904.16,1105,164000,22,5,0,7,48,2,22,1,3,0.857142857,84,41.766669,-72.690786,Hartford County
047f6ec3-6215-35eb-9608-f9dda363a44c,Cigna Health,900 Cottage Grove Rd,Bloomfield,CT,06002,1-800-997-1654,15610.74,9420,1432200,183,10,0,20,200,2,110,0,3,0.98006107,684,41.8168538,-72.74227929,Hartford County
42c4fca7-f8a9-3cd1-982a-dd9751bf3e2a,Anthem,220 Virginia Ave,Indianapolis,IN,46204,1-800-331-1476,3192.3,1595,950400,35,75,0,23,13,69,37,0,1,0.97193976,432,39.76282529,-86.15113177,Marion County
b1c428d6-4f07-31e0-90f0-68ffa6ff8c76,NO_INSURANCE,,,,00nan,,0,163487.8,0,0,154,0,79,0,89,0,112,2,0.958823835,1164,18.77609573,100.773935,
b3221cfc-24fb-339e-823d-bc4136cbc4ed,Dual Eligible,7500 Security Blvd,Baltimore,MD,21244,1-877-267-2323,0,0,0,0,0,0,0,0,0,0,0,0,,0,39.317949,-76.7639835,Baltimore County
7caa7254-5050-3b5e-9eae-bd5ea30e809c,Medicare,7500 Security Blvd,Baltimore,MD,21244,1-800-633-4227,21639.39,1828.91,55000,33,0,35,0,26,0,19,0,2,0.865991201,228,39.317949,-76.7639835,Baltimore County
7c4411ce-02f1-39b5-b9ec-dfbea9ad3c1a,Medicaid,7500 Security Blvd,Baltimore,MD,21244,1-877-267-2323,205177.69,54725.55,515500,757,0,226,0,1234,0,181,0,9,0.274987196,2808,39.317949,-76.7639835,Baltimore County
d47b3510-2895-3b70-9897-342d681c769d,Humana,500 West Main St,Louisville,KY,40018,1-844-330-7799,15518.19,12800,2114800,167,68,0,91,139,53,99,2,4,0.955731651,1248,38.25684574,-85.7588664,Jefferson County
6e2f1a2d-27bd-3701-8d08-dae202c58632,Blue Cross Blue Shield,Michigan Plaza,Chicago,IL,60007,1-800-262-2583,25700.15,13256.6,1528200,170,0,35,0,237,0,68,0,5,0.927388195,864,41.81649788,-87.62303181,Cook County
5059a55e-5d6e-34d1-b6cb-d83d16e57bcf,UnitedHealthcare,9800 Healthcare Lane,Minnetonka,MN,55436,1-888-545-5205,12715.39,8820,1508600,127,31,0,321,146,2,53,4,4,0.848587659,804,44.89525174,-93.40365391,Hennepin County
4d71f845-a6a9-3c39-b242-14d25ef86a8d,Aetna,151 Farmington Ave,Hartford,CT,06156,1-800-872-3862,8662.32,4225,1088000,76,36,0,19,68,28,75,2,2,0.97826087,552,41.766669,-72.690786,Hartford County
047f6ec3-6215-35eb-9608-f9dda363a44c,Cigna Health,900 Cottage Grove Rd,Bloomfield,CT,06002,1-800-997-1654,11468.29,4980,1018500,97,10,0,60,245,7,41,0,3,0.868226511,492,41.8168538,-72.74227929,Hartford County
42c4fca7-f8a9-3cd1-982a-dd9751bf3e2a,Anthem,220 Virginia Ave,Indianapolis,IN,46204,1-800-331-1476,15769.69,4070,2490400,117,98,0,91,56,106,146,2,5,0.930388278,1140,39.76282529,-86.15113177,Marion County
b1c428d6-4f07-31e0-90f0-68ffa6ff8c76,NO_INSURANCE,,,,00nan,,0,433455.57,0,0,223,0,117,0,59,0,73,0,inf,0,18.77609573,100.773935,
b3221cfc-24fb-339e-823d-bc4136cbc4ed,Dual Eligible,7500 Security Blvd,Baltimore,MD,21244,1-877-267-2323,0,0,0,0,0,0,0,0,0,0,0,0,,0,39.317949,-76.7639835,Baltimore County
7caa7254-5050-3b5e-9eae-bd5ea30e809c,Medicare,7500 Security Blvd,Baltimore,MD,21244,1-800-633-4227,0,0,0,0,0,0,0,0,0,0,0,0,,0,39.317949,-76.7639835,Baltimore County
7c4411ce-02f1-39b5-b9ec-dfbea9ad3c1a,Medicaid,7500 Security Blvd,Baltimore,MD,21244,1-877-267-2323,6700,999.79,45750,38,0,7,0,32,0,36,0,2,0.937289553,192,39.317949,-76.7639835,Baltimore County
d47b3510-2895-3b70-9897-342d681c769d,Humana,500 West Main St,Louisville,KY,40018,1-844-330-7799,13320,8080,632400,107,2,0,10,82,0,42,0,1,0.967741935,372,38.25684574,-85.7588664,Jefferson County
6e2f1a2d-27bd-3701-8d08-dae202c58632,Blue Cross Blue Shield,Michigan Plaza,Chicago,IL,60007,1-800-262-2583,10617.88,3851.35,462600,46,0,9,0,14,0,27,0,1,0.954545455,264,41.81649788,-87.62303181,Cook County
5059a55e-5d6e-34d1-b6cb-d83d16e57bcf,UnitedHealthcare,9800 Healthcare Lane,Minnetonka,MN,55436,1-888-545-5205,20940,8260,1630200,146,7,0,85,54,1,101,1,3,0.953388338,876,44.89525174,-93.40365391,Hennepin County
4d71f845-a6a9-3c39-b242-14d25ef86a8d,Aetna,151 Farmington Ave,Hartford,CT,06156,1-800-872-3862,0,0,0,0,0,0,0,0,0,0,0,0,,0,41.766669,-72.690786,Hartford County
047f6ec3-6215-35eb-9608-f9dda363a44c,Cigna Health,900 Cottage Grove Rd,Bloomfield,CT,06002,1-800-997-1654,14000,4800,1205400,94,6,0,16,74,0,85,0,3,0.958314952,576,41.8168538,-72.74227929,Hartford County
42c4fca7-f8a9-3cd1-982a-dd9751bf3e2a,Anthem,220 Virginia Ave,Indianapolis,IN,46204,1-800-331-1476,17980,4620,2675200,113,324,0,189,41,72,102,24,3,0.786443687,1224,39.76282529,-86.15113177,Marion County
b1c428d6-4f07-31e0-90f0-68ffa6ff8c76,NO_INSURANCE,,,,00nan,,0,309073.24,0,0,0,0,0,0,0,0,0,0,,0,18.77609573,100.773935,
b3221cfc-24fb-339e-823d-bc4136cbc4ed,Dual Eligible,7500 Security Blvd,Baltimore,MD,21244,1-877-267-2323,0,0,0,0,0,0,0,0,0,0,0,0,,0,39.317949,-76.7639835,Baltimore County
7caa7254-5050-3b5e-9eae-bd5ea30e809c,Medicare,7500 Security Blvd,Baltimore,MD,21244,1-800-633-4227,27153.52,1640,40250,30,0,24,0,6,0,16,0,1,0.77888851,168,39.317949,-76.7639835,Baltimore County
7c4411ce-02f1-39b5-b9ec-dfbea9ad3c1a,Medicaid,7500 Security Blvd,Baltimore,MD,21244,1-877-267-2323,73035.84,24819.97,350250,400,0,79,0,735,0,160,0,7,0.849780241,1416,39.317949,-76.7639835,Baltimore County
d47b3510-2895-3b70-9897-342d681c769d,Humana,500 West Main St,Louisville,KY,40018,1-844-330-7799,3055.36,2240,306000,32,13,0,24,118,2,8,1,2,0.82744179,180,38.25684574,-85.7588664,Jefferson County
6e2f1a2d-27bd-3701-8d08-dae202c58632,Blue Cross Blue Shield,Michigan Plaza,Chicago,IL,60007,1-800-262-2583,33597.48,12341.38,1231200,138,0,44,0,175,0,62,0,2,0.987720972,684,41.81649788,-87.62303181,Cook County
5059a55e-5d6e-34d1-b6cb-d83d16e57bcf,UnitedHealthcare,9800 Healthcare Lane,Minnetonka,MN,55436,1-888-545-5205,2985.08,490,448400,21,19,0,34,9,9,22,1,1,0.93816589,240,44.89525174,-93.40365391,Hennepin County
4d71f845-a6a9-3c39-b242-14d25ef86a8d,Aetna,151 Farmington Ave,Hartford,CT,06156,1-800-872-3862,9746.56,6305,776000,97,25,0,52,142,12,32,0,3,0.587158447,396,41.766669,-72.690786,Hartford County
047f6ec3-6215-35eb-9608-f9dda363a44c,Cigna Health,900 Cottage Grove Rd,Bloomfield,CT,06002,1-800-997-1654,8912.64,2340,949200,68,2,0,10,40,0,92,0,3,0.947368421,456,41.8168538,-72.74227929,Hartford County
42c4fca7-f8a9-3cd1-982a-dd9751bf3e2a,Anthem,220 Virginia Ave,Indianapolis,IN,46204,1-800-331-1476,6514,1760,1020800,50,64,0,23,22,146,66,1,3,0.777466339,480,39.76282529,-86.15113177,Marion County
b1c428d6-4f07-31e0-90f0-68ffa6ff8c76,NO_INSURANCE,,,,00nan,,0,1123293.02,0,0,981,0,929,0,867,0,30,2,0.70321952,408,18.77609573,100.773935,
b3221cfc-24fb-339e-823d-bc4136cbc4ed,Dual Eligible,7500 Security Blvd,Baltimore,MD,21244,1-877-267-2323,0,0,0,0,0,0,0,0,0,0,0,0,,0,39.317949,-76.7639835,Baltimore County
7caa7254-5050-3b5e-9eae-bd5ea30e809c,Medicare,7500 Security Blvd,Baltimore,MD,21244,1-800-633-4227,7552.49,1677.11,10750,20,0,31,0,9,0,6,0,2,0.48984345,60,39.317949,-76.7639835,Baltimore County
7c4411ce-02f1-39b5-b9ec-dfbea9ad3c1a,Medicaid,7500 Security Blvd,Baltimore,MD,21244,1-877-267-2323,29956.58,10395.22,62750,177,0,17,0,419,0,38,0,5,0.943795052,252,39.317949,-76.7639835,Baltimore County
d47b3510-2895-3b70-9897-342d681c769d,Humana,500 West Main St,Louisville,KY,40018,1-844-330-7799,18190.74,9760,824500,137,15,0,15,296,2,59,4,3,0.974693765,492,38.25684574,-85.7588664,Jefferson County
6e2f1a2d-27bd-3701-8d08-dae202c58632,Blue Cross Blue Shield,Michigan Plaza,Chicago,IL,60007,1-800-262-2583,903.14,525,21600,7,0,0,0,36,0,0,0,1,1,12,41.81649788,-87.62303181,Cook County
5059a55e-5d6e-34d1-b6cb-d83d16e57bcf,UnitedHealthcare,9800 Healthcare Lane,Minnetonka,MN,55436,1-888-545-5205,14039.74,3710,1077300,87,95,0,290,100,7,63,10,5,0.79214151,576,44.89525174,-93.40365391,Hennepin County
4d71f845-a6a9-3c39-b242-14d25ef86a8d,Aetna,151 Farmington Ave,Hartford,CT,06156,1-800-872-3862,14960.04,5850,858000,102,23,0,19,190,13,49,0,4,0.906835829,432,41.766669,-72.690786,Hartford County
047f6ec3-6215-35eb-9608-f9dda363a44c,Cigna Health,900 Cottage Grove Rd,Bloomfield,CT,06002,1-800-997-1654,17606.32,6060,1944600,116,15,0,27,51,0,88,0,2,0.963746947,924,41.8168538,-72.74227929,Hartford County
42c4fca7-f8a9-3cd1-982a-dd9751bf3e2a,Anthem,220 Virginia Ave,Indianapolis,IN,46204,1-800-331-1476,5123.54,385,704000,27,87,0,9,15,137,51,1,3,0.960999077,324,39.76282529,-86.15113177,Marion County
b1c428d6-4f07-31e0-90f0-68ffa6ff8c76,NO_INSURANCE,,,,00nan,,0,133740.7,0,0,67,0,24,0,25,0,59,2,0.977215105,564,18.77609573,100.773935,
b3221cfc-24fb-339e-823d-bc4136cbc4ed,Dual Eligible,7500 Security Blvd,Baltimore,MD,21244,1-877-267-2323,0,0,0,0,0,0,0,0,0,0,0,0,,0,39.317949,-76.7639835,Baltimore County
7caa7254-5050-3b5e-9eae-bd5ea30e809c,Medicare,7500 Security Blvd,Baltimore,MD,21244,1-800-633-4227,593.84,80,4750,4,0,0,0,1,0,4,0,1,0.411150455,24,39.317949,-76.7639835,Baltimore County
7c4411ce-02f1-39b5-b9ec-dfbea9ad3c1a,Medicaid,7500 Security Blvd,Baltimore,MD,21244,1-877-267-2323,14252.12,6361.79,39000,104,0,5,0,263,0,11,0,4,0.999766198,156,39.317949,-76.7639835,Baltimore County
d47b3510-2895-3b70-9897-342d681c769d,Humana,500 West Main St,Louisville,KY,40018,1-844-330-7799,10172.16,6000,921400,96,8,0,19,125,0,96,0,3,0.977777778,540,38.25684574,-85.7588664,Jefferson County
6e2f1a2d-27bd-3701-8d08-dae202c58632,Blue Cross Blue Shield,Michigan Plaza,Chicago,IL,60007,1-800-262-2583,54529.84,13091.3,1911600,187,0,95,0,135,0,172,0,6,0.918499462,1092,41.81649788,-87.62303181,Cook County
5059a55e-5d6e-34d1-b6cb-d83d16e57bcf,UnitedHealthcare,9800 Healthcare Lane,Minnetonka,MN,55436,1-888-545-5205,6662.22,3003.17,775200,58,3,0,7,73,0,29,0,2,0.959282307,408,44.89525174,-93.40365391,Hennepin County
4d71f845-a6a9-3c39-b242-14d25ef86a8d,Aetna,151 Farmington Ave,Hartford,CT,06156,1-800-872-3862,17085.52,10205,1462000,162,7,0,25,165,0,70,0,3,0.982304237,732,41.766669,-72.690786,Hartford County
047f6ec3-6215-35eb-9608-f9dda363a44c,Cigna Health,900 Cottage Grove Rd,Bloomfield,CT,06002,1-800-997-1654,5838.4,900,590100,40,10,0,12,62,5,43,0,3,0.916666667,288,41.8168538,-72.74227929,Hartford County
42c4fca7-f8a9-3cd1-982a-dd9751bf3e2a,Anthem,220 Virginia Ave,Indianapolis,IN,46204,1-800-331-1476,4180.72,1210,635800,32,19,0,14,11,34,45,0,2,0.998215667,288,39.76282529,-86.15113177,Marion County
b1c428d6-4f07-31e0-90f0-68ffa6ff8c76,NO_INSURANCE,,,,00nan,,0,22957.06,0,0,0,0,0,0,0,0,0,0,,0,18.77609573,100.773935,
b3221cfc-24fb-339e-823d-bc4136cbc4ed,Dual Eligible,7500 Security Blvd,Baltimore,MD,21244,1-877-267-2323,0,0,0,0,0,0,0,0,0,0,0,0,,0,39.317949,-76.7639835,Baltimore County
7caa7254-5050-3b5e-9eae-bd5ea30e809c,Medicare,7500 Security Blvd,Baltimore,MD,21244,1-800-633-4227,24128.81,1894.61,19500,38,0,16,0,17,0,10,0,2,0.660039591,84,39.317949,-76.7639835,Baltimore County
7c4411ce-02f1-39b5-b9ec-dfbea9ad3c1a,Medicaid,7500 Security Blvd,Baltimore,MD,21244,1-877-267-2323,23748.96,7129.54,45000,114,0,12,0,322,0,11,0,4,0.942359283,180,39.317949,-76.7639835,Baltimore County
d47b3510-2895-3b70-9897-342d681c769d,Humana,500 West Main St,Louisville,KY,40018,1-844-330-7799,40872.24,20000,2737000,286,48,0,116,271,32,181,4,5,0.969744111,1620,38.25684574,-85.7588664,Jefferson County
6e2f1a2d-27bd-3701-8d08-dae202c58632,Blue Cross Blue Shield,Michigan Plaza,Chicago,IL,60007,1-800-262-2583,41071.28,12352.01,878400,151,0,49,0,156,0,52,0,2,0.927230467,492,41.81649788,-87.62303181,Cook County
5059a55e-5d6e-34d1-b6cb-d83d16e57bcf,UnitedHealthcare,9800 Healthcare Lane,Minnetonka,MN,55436,1-888-545-5205,8774.72,3570,1225500,58,9,0,17,26,0,42,5,2,0.951059391,648,44.89525174,-93.40365391,Hennepin County
4d71f845-a6a9-3c39-b242-14d25ef86a8d,Aetna,151 Farmington Ave,Hartford,CT,06156,1-800-872-3862,30028.12,11050,2970000,193,30,0,33,163,13,116,4,4,0.95075196,1488,41.766669,-72.690786,Hartford County
047f6ec3-6215-35eb-9608-f9dda363a44c,Cigna Health,900 Cottage Grove Rd,Bloomfield,CT,06002,1-800-997-1654,21411.73,8040,1961400,139,19,0,45,135,9,79,2,3,0.802055812,936,41.8168538,-72.74227929,Hartford County
42c4fca7-f8a9-3cd1-982a-dd9751bf3e2a,Anthem,220 Virginia Ave,Indianapolis,IN,46204,1-800-331-1476,5854.4,1595,1040600,35,17,0,10,13,11,46,0,2,0.959638831,480,39.76282529,-86.15113177,Marion County
b1c428d6-4f07-31e0-90f0-68ffa6ff8c76,NO_INSURANCE,,,,00nan,,0,151433.69,0,0,0,0,0,0,0,0,0,0,,0,18.77609573,100.773935,
b3221cfc-24fb-339e-823d-bc4136cbc4ed,Dual Eligible,7500 Security Blvd,Baltimore,MD,21244,1-877-267-2323,3338.5,1106.54,109000,25,0,2,0,11,0,25,0,1,0,264,39.317949,-76.7639835,Baltimore County
7caa7254-5050-3b5e-9eae-bd5ea30e809c,Medicare,7500 Security Blvd,Baltimore,MD,21244,1-800-633-4227,7249.3,560,18500,15,0,5,0,5,0,8,0,2,0.729115768,96,39.317949,-76.7639835,Baltimore County
7c4411ce-02f1-39b5-b9ec-dfbea9ad3c1a,Medicaid,7500 Security Blvd,Baltimore,MD,21244,1-877-267-2323,50471.7,21706.7,413750,297,0,99,0,301,0,89,0,5,0.95213306,1656,39.317949,-76.7639835,Baltimore County
d47b3510-2895-3b70-9897-342d681c769d,Humana,500 West Main St,Louisville,KY,40018,1-844-330-7799,935.4,800,61200,10,0,0,0,40,0,2,0,1,0.979293858,36,38.25684574,-85.7588664,Jefferson County
6e2f1a2d-27bd-3701-8d08-dae202c58632,Blue Cross Blue Shield,Michigan Plaza,Chicago,IL,60007,1-800-262-2583,36727.76,19950.35,2921400,270,0,49,0,139,0,119,0,4,0.927421278,1632,41.81649788,-87.62303181,Cook County
5059a55e-5d6e-34d1-b6cb-d83d16e57bcf,UnitedHealthcare,9800 Healthcare Lane,Minnetonka,MN,55436,1-888-545-5205,1312.48,770,114000,12,2,0,2,47,0,4,0,2,0.98801488,60,44.89525174,-93.40365391,Hennepin County
4d71f845-a6a9-3c39-b242-14d25ef86a8d,Aetna,151 Farmington Ave,Hartford,CT,06156,1-800-872-3862,34514.48,19630,3420000,312,29,0,50,367,5,137,9,4,0.974662365,1716,41.766669,-72.690786,Hartford County
047f6ec3-6215-35eb-9608-f9dda363a44c,Cigna Health,900 Cottage Grove Rd,Bloomfield,CT,06002,1-800-997-1654,14816.48,4620,2053800,112,26,0,25,73,14,100,1,4,0.941515005,996,41.8168538,-72.74227929,Hartford County
42c4fca7-f8a9-3cd1-982a-dd9751bf3e2a,Anthem,220 Virginia Ave,Indianapolis,IN,46204,1-800-331-1476,8466.56,2640,1614800,64,83,0,134,25,85,63,2,3,0.966708036,744,39.76282529,-86.15113177,Marion County
b1c428d6-4f07-31e0-90f0-68ffa6ff8c76,NO_INSURANCE,,,,00nan,,0,68060.46,0,0,86,0,14,0,111,0,50,1,1.715458843,324,18.77609573,100.773935,
b3221cfc-24fb-339e-823d-bc4136cbc4ed,Dual Eligible,7500 Security Blvd,Baltimore,MD,21244,1-877-267-2323,0,0,0,0,0,0,0,0,0,0,0,0,,0,39.317949,-76.7639835,Baltimore County
7caa7254-5050-3b5e-9eae-bd5ea30e809c,Medicare,7500 Security Blvd,Baltimore,MD,21244,1-800-633-4227,10921.48,532.86,29000,14,0,9,0,7,0,12,0,1,0.819727985,120,39.317949,-76.7639835,Baltimore County
7c4411ce-02f1-39b5-b9ec-dfbea9ad3c1a,Medicaid,7500 Security Blvd,Baltimore,MD,21244,1-877-267-2323,38496.2,8716.58,193000,187,0,46,0,225,0,172,0,5,0.931519715,792,39.317949,-76.7639835,Baltimore County
d47b3510-2895-3b70-9897-342d681c769d,Humana,500 West Main St,Louisville,KY,40018,1-844-330-7799,6463.32,4240,510000,58,11,0,29,124,6,26,0,1,0.930651127,300,38.25684574,-85.7588664,Jefferson County
6e2f1a2d-27bd-3701-8d08-dae202c58632,Blue Cross Blue Shield,Michigan Plaza,Chicago,IL,60007,1-800-262-2583,0,0,0,0,0,0,0,0,0,0,0,0,,0,41.81649788,-87.62303181,Cook County
5059a55e-5d6e-34d1-b6cb-d83d16e57bcf,UnitedHealthcare,9800 Healthcare Lane,Minnetonka,MN,55436,1-888-545-5205,2685.34,1190,108300,21,3,0,4,53,2,16,0,2,0.71669352,60,44.89525174,-93.40365391,Hennepin County
4d71f845-a6a9-3c39-b242-14d25ef86a8d,Aetna,151 Farmington Ave,Hartford,CT,06156,1-800-872-3862,1314.94,715,24000,11,0,0,1,44,0,1,0,1,1,12,41.766669,-72.690786,Hartford County
047f6ec3-6215-35eb-9608-f9dda363a44c,Cigna Health,900 Cottage Grove Rd,Bloomfield,CT,06002,1-800-997-1654,12182.22,4980,1392300,93,10,0,17,113,0,49,1,1,0.977264588,672,41.8168538,-72.74227929,Hartford County
42c4fca7-f8a9-3cd1-982a-dd9751bf3e2a,Anthem,220 Virginia Ave,Indianapolis,IN,46204,1-800-331-1476,9276.94,1980,1086800,61,39,0,32,22,49,80,1,3,0.942043769,504,39.76282529,-86.15113177,Marion County
b1c428d6-4f07-31e0-90f0-68ffa6ff8c76,NO_INSURANCE,,,,00nan,,0,98941.69,0,0,186,0,17,0,89,0,51,2,0.585226567,360,18.77609573,100.773935,
b3221cfc-24fb-339e-823d-bc4136cbc4ed,Dual Eligible,7500 Security Blvd,Baltimore,MD,21244,1-877-267-2323,341.28,600,9000,6,0,0,0,0,0,0,0,1,0,72,39.317949,-76.7639835,Baltimore County
7caa7254-5050-3b5e-9eae-bd5ea30e809c,Medicare,7500 Security Blvd,Baltimore,MD,21244,1-800-633-4227,0,0,0,0,0,0,0,0,0,0,0,0,,0,39.317949,-76.7639835,Baltimore County
7c4411ce-02f1-39b5-b9ec-dfbea9ad3c1a,Medicaid,7500 Security Blvd,Baltimore,MD,21244,1-877-267-2323,39613.23,10384.01,164500,155,0,47,0,197,0,81,0,3,0.266147208,1080,39.317949,-76.7639835,Baltimore County
d47b3510-2895-3b70-9897-342d681c769d,Humana,500 West Main St,Louisville,KY,40018,1-844-330-7799,7577.92,5776.49,809200,87,53,0,29,29,0,59,1,3,0.45699888,480,38.25684574,-85.7588664,Jefferson County
6e2f1a2d-27bd-3701-8d08-dae202c58632,Blue Cross Blue Shield,Michigan Plaza,Chicago,IL,60007,1-800-262-2583,43767.4,12315.3,1468800,151,0,58,0,89,0,103,0,2,0.983411781,816,41.81649788,-87.62303181,Cook County
5059a55e-5d6e-34d1-b6cb-d83d16e57bcf,UnitedHealthcare,9800 Healthcare Lane,Minnetonka,MN,55436,1-888-545-5205,6745.36,4550,1164700,72,17,0,24,39,4,42,3,1,0.895172428,624,44.89525174,-93.40365391,Hennepin County
4d71f845-a6a9-3c39-b242-14d25ef86a8d,Aetna,151 Farmington Ave,Hartford,CT,06156,1-800-872-3862,10864.32,7020,946000,114,0,0,7,90,0,42,0,2,0.811707224,480,41.766669,-72.690786,Hartford County
047f6ec3-6215-35eb-9608-f9dda363a44c,Cigna Health,900 Cottage Grove Rd,Bloomfield,CT,06002,1-800-997-1654,5832.08,600,352800,41,3,0,10,20,0,66,0,2,0.866284333,180,41.8168538,-72.74227929,Hartford County
42c4fca7-f8a9-3cd1-982a-dd9751bf3e2a,Anthem,220 Virginia Ave,Indianapolis,IN,46204,1-800-331-1476,0,0,0,0,0,0,0,0,0,0,0,0,,0,39.76282529,-86.15113177,Marion County
b1c428d6-4f07-31e0-90f0-68ffa6ff8c76,NO_INSURANCE,,,,00nan,,0,205727.59,0,0,518,0,194,0,287,0,139,2,1.076868543,1080,18.77609573,100.773935,
b3221cfc-24fb-339e-823d-bc4136cbc4ed,Dual Eligible,7500 Security Blvd,Baltimore,MD,21244,1-877-267-2323,0,0,0,0,0,0,0,0,0,0,0,0,,0,39.317949,-76.7639835,Baltimore County
7caa7254-5050-3b5e-9eae-bd5ea30e809c,Medicare,7500 Security Blvd,Baltimore,MD,21244,1-800-633-4227,22466.28,5465.11,92250,44,0,140,0,25,0,35,0,3,0.716636116,384,39.317949,-76.7639835,Baltimore County
7c4411ce-02f1-39b5-b9ec-dfbea9ad3c1a,Medicaid,7500 Security Blvd,Baltimore,MD,21244,1-877-267-2323,47777.89,18201.75,132500,277,0,62,0,682,0,52,0,5,0.611315931,540,39.317949,-76.7639835,Baltimore County
d47b3510-2895-3b70-9897-342d681c769d,Humana,500 West Main St,Louisville,KY,40018,1-844-330-7799,6840,4635,632400,58,59,0,58,133,50,33,0,3,0.870618089,372,38.25684574,-85.7588664,Jefferson County
6e2f1a2d-27bd-3701-8d08-dae202c58632,Blue Cross Blue Shield,Michigan Plaza,Chicago,IL,60007,1-800-262-2583,32956.56,13432.3,2174400,173,0,40,0,176,0,75,0,5,0.940223201,1224,41.81649788,-87.62303181,Cook County
5059a55e-5d6e-34d1-b6cb-d83d16e57bcf,UnitedHealthcare,9800 Healthcare Lane,Minnetonka,MN,55436,1-888-545-5205,20020,9380,1485800,147,20,0,48,231,9,72,4,4,0.956801385,780,44.89525174,-93.40365391,Hennepin County
4d71f845-a6a9-3c39-b242-14d25ef86a8d,Aetna,151 Farmington Ave,Hartford,CT,06156,1-800-872-3862,13985,4615,1464000,93,58,0,32,122,46,69,0,3,0.907203583,732,41.766669,-72.690786,Hartford County
047f6ec3-6215-35eb-9608-f9dda363a44c,Cigna Health,900 Cottage Grove Rd,Bloomfield,CT,06002,1-800-997-1654,16560,4440,1806000,105,5,0,21,69,0,87,5,3,0.958273008,876,41.8168538,-72.74227929,Hartford County
42c4fca7-f8a9-3cd1-982a-dd9751bf3e2a,Anthem,220 Virginia Ave,Indianapolis,IN,46204,1-800-331-1476,7540,2860,1240800,52,45,0,74,27,73,50,1,3,0.774121109,564,39.76282529,-86.15113177,Marion County
b1c428d6-4f07-31e0-90f0-68ffa6ff8c76,NO_INSURANCE,,,,00nan,,0,130243.74,0,0,11,0,11,0,4,0,5,0,inf,0,18.77609573,100.773935,
b3221cfc-24fb-339e-823d-bc4136cbc4ed,Dual Eligible,7500 Security Blvd,Baltimore,MD,21244,1-877-267-2323,0,0,0,0,0,0,0,0,0,0,0,0,,0,39.317949,-76.7639835,Baltimore County
7caa7254-5050-3b5e-9eae-bd5ea30e809c,Medicare,7500 Security Blvd,Baltimore,MD,21244,1-800-633-4227,2459.01,408.37,18500,10,0,7,0,4,0,8,0,2,0.688156478,84,39.317949,-76.7639835,Baltimore County
7c4411ce-02f1-39b5-b9ec-dfbea9ad3c1a,Medicaid,7500 Security Blvd,Baltimore,MD,21244,1-877-267-2323,48456.42,18139.29,140000,289,0,48,0,585,0,64,0,8,0.485217605,672,39.317949,-76.7639835,Baltimore County
d47b3510-2895-3b70-9897-342d681c769d,Humana,500 West Main St,Louisville,KY,40018,1-844-330-7799,7967.3,3840,940100,71,17,0,14,137,8,39,3,4,0.901906739,564,38.25684574,-85.7588664,Jefferson County
6e2f1a2d-27bd-3701-8d08-dae202c58632,Blue Cross Blue Shield,Michigan Plaza,Chicago,IL,60007,1-800-262-2583,32612.18,19126.08,2061000,239,0,92,0,311,0,146,0,6,0.96863681,1152,41.81649788,-87.62303181,Cook County
5059a55e-5d6e-34d1-b6cb-d83d16e57bcf,UnitedHealthcare,9800 Healthcare Lane,Minnetonka,MN,55436,1-888-545-5205,10574.4,4060,1200800,88,65,0,16,113,53,69,2,4,0.896361017,636,44.89525174,-93.40365391,Hennepin County
4d71f845-a6a9-3c39-b242-14d25ef86a8d,Aetna,151 Farmington Ave,Hartford,CT,06156,1-800-872-3862,911.7,585,96000,9,5,0,3,29,4,3,0,1,0.93086791,48,41.766669,-72.690786,Hartford County
047f6ec3-6215-35eb-9608-f9dda363a44c,Cigna Health,900 Cottage Grove Rd,Bloomfield,CT,06002,1-800-997-1654,2943.8,1380,352800,26,16,0,12,70,11,12,0,3,0.980851113,168,41.8168538,-72.74227929,Hartford County
42c4fca7-f8a9-3cd1-982a-dd9751bf3e2a,Anthem,220 Virginia Ave,Indianapolis,IN,46204,1-800-331-1476,8341,3300,2006400,70,128,0,121,27,244,67,3,5,0.972633566,912,39.76282529,-86.15113177,Marion County
b1c428d6-4f07-31e0-90f0-68ffa6ff8c76,NO_INSURANCE,,,,00nan,,0,141261.29,0,0,228,0,70,0,308,0,105,3,1.23249408,1020,18.77609573,100.773935,
b3221cfc-24fb-339e-823d-bc4136cbc4ed,Dual Eligible,7500 Security Blvd,Baltimore,MD,21244,1-877-267-2323,0,0,0,0,0,0,0,0,0,0,0,0,,0,39.317949,-76.7639835,Baltimore County
7caa7254-5050-3b5e-9eae-bd5ea30e809c,Medicare,7500 Security Blvd,Baltimore,MD,21244,1-800-633-4227,29211.09,4336.82,61250,101,0,25,0,13,0,22,0,2,0.432285529,252,39.317949,-76.7639835,Baltimore County
7c4411ce-02f1-39b5-b9ec-dfbea9ad3c1a,Medicaid,7500 Security Blvd,Baltimore,MD,21244,1-877-267-2323,15115.59,5065.78,23750,78,0,13,0,237,0,8,0,3,0.999277668,96,39.317949,-76.7639835,Baltimore County
d47b3510-2895-3b70-9897-342d681c769d,Humana,500 West Main St,Louisville,KY,40018,1-844-330-7799,0,0,0,0,0,0,0,0,0,0,0,0,,0,38.25684574,-85.7588664,Jefferson County
6e2f1a2d-27bd-3701-8d08-dae202c58632,Blue Cross Blue Shield,Michigan Plaza,Chicago,IL,60007,1-800-262-2583,41917.28,13885.51,1711800,173,0,48,0,240,0,110,0,3,0.964816986,960,41.81649788,-87.62303181,Cook County
5059a55e-5d6e-34d1-b6cb-d83d16e57bcf,UnitedHealthcare,9800 Healthcare Lane,Minnetonka,MN,55436,1-888-545-5205,15797.36,9170,2107100,164,8,0,27,125,0,120,3,4,0.971345527,1116,44.89525174,-93.40365391,Hennepin County
4d71f845-a6a9-3c39-b242-14d25ef86a8d,Aetna,151 Farmington Ave,Hartford,CT,06156,1-800-872-3862,8874.52,6102.08,1448000,99,8,0,17,50,4,69,0,2,0.90209312,732,41.766669,-72.690786,Hartford County
047f6ec3-6215-35eb-9608-f9dda363a44c,Cigna Health,900 Cottage Grove Rd,Bloomfield,CT,06002,1-800-997-1654,4690.8,2160,667800,45,27,0,12,100,16,17,0,2,0.921949641,324,41.8168538,-72.74227929,Hartford County
42c4fca7-f8a9-3cd1-982a-dd9751bf3e2a,Anthem,220 Virginia Ave,Indianapolis,IN,46204,1-800-331-1476,5589.76,1870,1086800,49,25,0,31,26,35,56,0,2,0.975179025,504,39.76282529,-86.15113177,Marion County
b1c428d6-4f07-31e0-90f0-68ffa6ff8c76,NO_INSURANCE,,,,00nan,,0,231864.78,0,0,444,0,211,0,218,0,226,4,0.943600288,2952,18.77609573,100.773935,
b3221cfc-24fb-339e-823d-bc4136cbc4ed,Dual Eligible,7500 Security Blvd,Baltimore,MD,21244,1-877-267-2323,0,0,0,0,0,0,0,0,0,0,0,0,,0,39.317949,-76.7639835,Baltimore County
7caa7254-5050-3b5e-9eae-bd5ea30e809c,Medicare,7500 Security Blvd,Baltimore,MD,21244,1-800-633-4227,34759.66,2138.02,107000,61,0,28,0,37,0,41,0,3,0.88466344,444,39.317949,-76.7639835,Baltimore County
7c4411ce-02f1-39b5-b9ec-dfbea9ad3c1a,Medicaid,7500 Security Blvd,Baltimore,MD,21244,1-877-267-2323,41919.57,16194.55,110000,274,0,22,0,719,0,54,0,7,0.95878021,444,39.317949,-76.7639835,Baltimore County
d47b3510-2895-3b70-9897-342d681c769d,Humana,500 West Main St,Louisville,KY,40018,1-844-330-7799,22006.96,15360,1526600,197,35,0,40,254,13,75,3,4,0.971773619,900,38.25684574,-85.7588664,Jefferson County
6e2f1a2d-27bd-3701-8d08-dae202c58632,Blue Cross Blue Shield,Michigan Plaza,Chicago,IL,60007,1-800-262-2583,144652.66,29548.54,3216600,283,0,142,0,235,0,134,0,6,0.985905153,1788,41.81649788,-87.62303181,Cook County
5059a55e-5d6e-34d1-b6cb-d83d16e57bcf,UnitedHealthcare,9800 Healthcare Lane,Minnetonka,MN,55436,1-888-545-5205,24588.58,13300,2363600,201,64,0,63,242,39,115,3,5,0.913393465,1260,44.89525174,-93.40365391,Hennepin County
4d71f845-a6a9-3c39-b242-14d25ef86a8d,Aetna,151 Farmington Ave,Hartford,CT,06156,1-800-872-3862,12559.6,5460,720000,95,4,0,8,105,1,54,0,3,0.920973466,360,41.766669,-72.690786,Hartford County
047f6ec3-6215-35eb-9608-f9dda363a44c,Cigna Health,900 Cottage Grove Rd,Bloomfield,CT,06002,1-800-997-1654,28545.04,9960,2440200,203,19,0,124,168,1,110,7,5,0.859899405,1176,41.8168538,-72.74227929,Hartford County
42c4fca7-f8a9-3cd1-982a-dd9751bf3e2a,Anthem,220 Virginia Ave,Indianapolis,IN,46204,1-800-331-1476,134.68,55,79200,1,7,0,1,0,29,1,0,1,1,36,39.76282529,-86.15113177,Marion County
b1c428d6-4f07-31e0-90f0-68ffa6ff8c76,NO_INSURANCE,,,,00nan,,0,173397.23,0,0,128,0,17,0,178,0,45,1,0.967028803,732,18.77609573,100.773935,
b3221cfc-24fb-339e-823d-bc4136cbc4ed,Dual Eligible,7500 Security Blvd,Baltimore,MD,21244,1-877-267-2323,0,0,0,0,0,0,0,0,0,0,0,0,,0,39.317949,-76.7639835,Baltimore County
7caa7254-5050-3b5e-9eae-bd5ea30e809c,Medicare,7500 Security Blvd,Baltimore,MD,21244,1-800-633-4227,28787.04,2173.01,69750,61,0,21,0,27,0,26,0,2,0.889329091,288,39.317949,-76.7639835,Baltimore County
7c4411ce-02f1-39b5-b9ec-dfbea9ad3c1a,Medicaid,7500 Security Blvd,Baltimore,MD,21244,1-877-267-2323,22749.11,10096.22,63750,163,0,16,0,377,0,20,0,5,0.801709981,264,39.317949,-76.7639835,Baltimore County
d47b3510-2895-3b70-9897-342d681c769d,Humana,500 West Main St,Louisville,KY,40018,1-844-330-7799,7708.2,6960,982600,87,7,0,10,152,1,39,1,2,0.975379379,576,38.25684574,-85.7588664,Jefferson County
6e2f1a2d-27bd-3701-8d08-dae202c58632,Blue Cross Blue Shield,Michigan Plaza,Chicago,IL,60007,1-800-262-2583,5225.4,1466.53,320400,39,0,8,0,43,0,42,0,2,0.933333333,180,41.81649788,-87.62303181,Cook County
5059a55e-5d6e-34d1-b6cb-d83d16e57bcf,UnitedHealthcare,9800 Healthcare Lane,Minnetonka,MN,55436,1-888-545-5205,25770,16759.32,2038700,256,14,0,36,234,0,119,6,6,0.95362853,1080,44.89525174,-93.40365391,Hennepin County
4d71f845-a6a9-3c39-b242-14d25ef86a8d,Aetna,151 Farmington Ave,Hartford,CT,06156,1-800-872-3862,10567.2,6630,696000,102,2,0,13,84,0,23,2,1,1,348,41.766669,-72.690786,Hartford County
047f6ec3-6215-35eb-9608-f9dda363a44c,Cigna Health,900 Cottage Grove Rd,Bloomfield,CT,06002,1-800-997-1654,21636.6,8880,2664900,181,21,0,76,186,8,160,0,5,0.971642238,1272,41.8168538,-72.74227929,Hartford County
42c4fca7-f8a9-3cd1-982a-dd9751bf3e2a,Anthem,220 Virginia Ave,Indianapolis,IN,46204,1-800-331-1476,10426,3905,2153800,85,59,0,47,49,141,76,1,3,0.97521515,984,39.76282529,-86.15113177,Marion County
b1c428d6-4f07-31e0-90f0-68ffa6ff8c76,NO_INSURANCE,,,,00nan,,0,282865.12,0,0,364,0,169,0,179,0,76,2,0.498889678,924,18.77609573,100.773935,
b3221cfc-24fb-339e-823d-bc4136cbc4ed,Dual Eligible,7500 Security Blvd,Baltimore,MD,21244,1-877-267-2323,6469.99,2355.69,18500,21,0,7,0,19,0,5,0,1,0.669752966,48,39.317949,-76.7639835,Baltimore County
7caa7254-5050-3b5e-9eae-bd5ea30e809c,Medicare,7500 Security Blvd,Baltimore,MD,21244,1-800-633-4227,25400.16,2242.46,124500,62,0,32,0,48,0,50,0,4,0.858548874,528,39.317949,-76.7639835,Baltimore County
7c4411ce-02f1-39b5-b9ec-dfbea9ad3c1a,Medicaid,7500 Security Blvd,Baltimore,MD,21244,1-877-267-2323,143788.51,34193.97,273250,456,0,157,0,945,0,88,0,7,0.951928173,1092,39.317949,-76.7639835,Baltimore County
d47b3510-2895-3b70-9897-342d681c769d,Humana,500 West Main St,Louisville,KY,40018,1-844-330-7799,27509.68,18480,2065500,242,26,0,87,336,8,93,1,4,0.986630781,1212,38.25684574,-85.7588664,Jefferson County
6e2f1a2d-27bd-3701-8d08-dae202c58632,Blue Cross Blue Shield,Michigan Plaza,Chicago,IL,60007,1-800-262-2583,37304.32,7781,1119600,77,0,57,0,106,0,51,0,2,0.889418993,624,41.81649788,-87.62303181,Cook County
5059a55e-5d6e-34d1-b6cb-d83d16e57bcf,UnitedHealthcare,9800 Healthcare Lane,Minnetonka,MN,55436,1-888-545-5205,12133.32,3640,1191300,83,4,0,8,98,2,68,0,4,0.94958136,636,44.89525174,-93.40365391,Hennepin County
4d71f845-a6a9-3c39-b242-14d25ef86a8d,Aetna,151 Farmington Ave,Hartford,CT,06156,1-800-872-3862,25177.68,11310,2164000,192,14,0,52,240,5,99,2,4,0.970483472,1080,41.766669,-72.690786,Hartford County
047f6ec3-6215-35eb-9608-f9dda363a44c,Cigna Health,900 Cottage Grove Rd,Bloomfield,CT,06002,1-800-997-1654,25587.52,10140,2100000,188,11,0,36,362,0,92,1,4,0.975973547,1008,41.8168538,-72.74227929,Hartford County
42c4fca7-f8a9-3cd1-982a-dd9751bf3e2a,Anthem,220 Virginia Ave,Indianapolis,IN,46204,1-800-331-1476,5371.2,330,435600,30,30,0,11,12,20,47,0,4,0.764592569,204,39.76282529,-86.15113177,Marion County
b1c428d6-4f07-31e0-90f0-68ffa6ff8c76,NO_INSURANCE,,,,00nan,,0,204756.95,0,0,100,0,56,0,83,0,65,2,1.00494969,684,18.77609573,100.773935,
b3221cfc-24fb-339e-823d-bc4136cbc4ed,Dual Eligible,7500 Security Blvd,Baltimore,MD,21244,1-877-267-2323,0,0,0,0,0,0,0,0,0,0,0,0,,0,39.317949,-76.7639835,Baltimore County
7caa7254-5050-3b5e-9eae-bd5ea30e809c,Medicare,7500 Security Blvd,Baltimore,MD,21244,1-800-633-4227,16120.81,2227.05,24500,19,0,54,0,7,0,11,0,1,0.806719928,108,39.317949,-76.7639835,Baltimore County
7c4411ce-02f1-39b5-b9ec-dfbea9ad3c1a,Medicaid,7500 Security Blvd,Baltimore,MD,21244,1-877-267-2323,20387.11,8205.65,39000,129,0,14,0,364,0,17,0,3,0.951794401,156,39.317949,-76.7639835,Baltimore County
d47b3510-2895-3b70-9897-342d681c769d,Humana,500 West Main St,Louisville,KY,40018,1-844-330-7799,2217.04,1840,248200,26,4,0,6,92,2,8,0,2,0.896085946,156,38.25684574,-85.7588664,Jefferson County
6e2f1a2d-27bd-3701-8d08-dae202c58632,Blue Cross Blue Shield,Michigan Plaza,Chicago,IL,60007,1-800-262-2583,139717.17,37067.98,2793600,319,0,224,0,224,0,169,0,4,0.89377868,1572,41.81649788,-87.62303181,Cook County
5059a55e-5d6e-34d1-b6cb-d83d16e57bcf,UnitedHealthcare,9800 Healthcare Lane,Minnetonka,MN,55436,1-888-545-5205,10251.92,5098.51,1552300,99,71,0,126,138,18,73,11,5,0.816533578,828,44.89525174,-93.40365391,Hennepin County
4d71f845-a6a9-3c39-b242-14d25ef86a8d,Aetna,151 Farmington Ave,Hartford,CT,06156,1-800-872-3862,22993.76,15080,2470000,244,4,0,128,136,0,106,3,2,0.955133465,1236,41.766669,-72.690786,Hartford County
047f6ec3-6215-35eb-9608-f9dda363a44c,Cigna Health,900 Cottage Grove Rd,Bloomfield,CT,06002,1-800-997-1654,3457.04,600,203700,26,3,0,8,40,0,36,0,2,0.850867348,108,41.8168538,-72.74227929,Hartford County
42c4fca7-f8a9-3cd1-982a-dd9751bf3e2a,Anthem,220 Virginia Ave,Indianapolis,IN,46204,1-800-331-1476,2964.76,0,268400,19,12,0,8,12,3,37,0,1,0.906440906,132,39.76282529,-86.15113177,Marion County
b1c428d6-4f07-31e0-90f0-68ffa6ff8c76,NO_INSURANCE,,,,00nan,,0,158237.12,0,0,0,0,0,0,0,0,0,0,,0,18.77609573,100.773935,
b3221cfc-24fb-339e-823d-bc4136cbc4ed,Dual Eligible,7500 Security Blvd,Baltimore,MD,21244,1-877-267-2323,0,0,0,0,0,0,0,0,0,0,0,0,,0,39.317949,-76.7639835,Baltimore County
7caa7254-5050-3b5e-9eae-bd5ea30e809c,Medicare,7500 Security Blvd,Baltimore,MD,21244,1-800-633-4227,64060.39,6724.49,153250,129,0,86,0,64,0,59,0,4,0.859749807,636,39.317949,-76.7639835,Baltimore County
7c4411ce-02f1-39b5-b9ec-dfbea9ad3c1a,Medicaid,7500 Security Blvd,Baltimore,MD,21244,1-877-267-2323,42454.99,21692.37,120250,346,0,26,0,1030,0,23,0,7,0.843621042,492,39.317949,-76.7639835,Baltimore County
d47b3510-2895-3b70-9897-342d681c769d,Humana,500 West Main St,Louisville,KY,40018,1-844-330-7799,17334.46,12320,2023000,187,23,0,43,226,6,135,3,6,0.927986551,1200,38.25684574,-85.7588664,Jefferson County
6e2f1a2d-27bd-3701-8d08-dae202c58632,Blue Cross Blue Shield,Michigan Plaza,Chicago,IL,60007,1-800-262-2583,100730.53,44129.01,3691800,549,0,105,0,597,0,187,0,7,0.929463462,2076,41.81649788,-87.62303181,Cook County
5059a55e-5d6e-34d1-b6cb-d83d16e57bcf,UnitedHealthcare,9800 Healthcare Lane,Minnetonka,MN,55436,1-888-545-5205,10363.86,8190,1117200,117,15,0,61,251,2,36,1,6,0.948980413,588,44.89525174,-93.40365391,Hennepin County
4d71f845-a6a9-3c39-b242-14d25ef86a8d,Aetna,151 Farmington Ave,Hartford,CT,06156,1-800-872-3862,374.32,260,72000,4,0,0,0,23,0,0,0,2,1,36,41.766669,-72.690786,Hartford County
047f6ec3-6215-35eb-9608-f9dda363a44c,Cigna Health,900 Cottage Grove Rd,Bloomfield,CT,06002,1-800-997-1654,35728.68,19140,2979900,346,17,0,59,390,3,128,5,6,0.837333518,1428,41.8168538,-72.74227929,Hartford County
42c4fca7-f8a9-3cd1-982a-dd9751bf3e2a,Anthem,220 Virginia Ave,Indianapolis,IN,46204,1-800-331-1476,8988.56,4015,1841400,82,89,0,38,40,252,51,1,4,0.881910124,852,39.76282529,-86.15113177,Marion County
b1c428d6-4f07-31e0-90f0-68ffa6ff8c76,NO_INSURANCE,,,,00nan,,0,106897.55,0,0,60,0,7,0,108,0,23,1,0.981216206,228,18.77609573,100.773935,
b3221cfc-24fb-339e-823d-bc4136cbc4ed,Dual Eligible,7500 Security Blvd,Baltimore,MD,21244,1-877-267-2323,0,0,0,0,0,0,0,0,0,0,0,0,,0,39.317949,-76.7639835,Baltimore County
7caa7254-5050-3b5e-9eae-bd5ea30e809c,Medicare,7500 Security Blvd,Baltimore,MD,21244,1-800-633-4227,0,0,0,0,0,0,0,0,0,0,0,0,,0,39.317949,-76.7639835,Baltimore County
7c4411ce-02f1-39b5-b9ec-dfbea9ad3c1a,Medicaid,7500 Security Blvd,Baltimore,MD,21244,1-877-267-2323,58825.59,18157.09,179500,262,0,68,0,236,0,69,0,4,0.518554361,720,39.317949,-76.7639835,Baltimore County
d47b3510-2895-3b70-9897-342d681c769d,Humana,500 West Main St,Louisville,KY,40018,1-844-330-7799,4263.02,400,273700,31,4,0,10,15,0,58,0,2,0.857062123,168,38.25684574,-85.7588664,Jefferson County
6e2f1a2d-27bd-3701-8d08-dae202c58632,Blue Cross Blue Shield,Michigan Plaza,Chicago,IL,60007,1-800-262-2583,15099.07,6534.55,396000,87,0,17,0,87,0,47,0,2,0.944467504,228,41.81649788,-87.62303181,Cook County
5059a55e-5d6e-34d1-b6cb-d83d16e57bcf,UnitedHealthcare,9800 Healthcare Lane,Minnetonka,MN,55436,1-888-545-5205,9263.26,6230,1274900,103,94,0,46,128,78,67,4,2,0.943180281,672,44.89525174,-93.40365391,Hennepin County
4d71f845-a6a9-3c39-b242-14d25ef86a8d,Aetna,151 Farmington Ave,Hartford,CT,06156,1-800-872-3862,256.26,195,24000,3,0,0,0,4,0,0,0,1,0.520501626,12,41.766669,-72.690786,Hartford County
047f6ec3-6215-35eb-9608-f9dda363a44c,Cigna Health,900 Cottage Grove Rd,Bloomfield,CT,06002,1-800-997-1654,9489.9,5138.4,966000,101,20,0,19,116,0,63,0,3,0.857183701,468,41.8168538,-72.74227929,Hartford County
42c4fca7-f8a9-3cd1-982a-dd9751bf3e2a,Anthem,220 Virginia Ave,Indianapolis,IN,46204,1-800-331-1476,300.84,0,169400,2,39,0,2,0,5,3,0,1,0,84,39.76282529,-86.15113177,Marion County
b1c428d6-4f07-31e0-90f0-68ffa6ff8c76,NO_INSURANCE,,,,00nan,,0,73649.74,0,0,95,0,21,0,39,0,61,2,0.983474229,768,18.77609573,100.773935,
b3221cfc-24fb-339e-823d-bc4136cbc4ed,Dual Eligible,7500 Security Blvd,Baltimore,MD,21244,1-877-267-2323,0,0,0,0,0,0,0,0,0,0,0,0,,0,39.317949,-76.7639835,Baltimore County
7caa7254-5050-3b5e-9eae-bd5ea30e809c,Medicare,7500 Security Blvd,Baltimore,MD,21244,1-800-633-4227,28801.71,7472.45,39000,175,0,34,0,22,0,21,0,4,0.671383619,168,39.317949,-76.7639835,Baltimore County
7c4411ce-02f1-39b5-b9ec-dfbea9ad3c1a,Medicaid,7500 Security Blvd,Baltimore,MD,21244,1-877-267-2323,86566.59,18677.09,346750,260,0,101,0,304,0,124,0,6,0.91248258,1404,39.317949,-76.7639835,Baltimore County
d47b3510-2895-3b70-9897-342d681c769d,Humana,500 West Main St,Louisville,KY,40018,1-844-330-7799,7459.28,5680,895900,77,6,0,49,62,0,43,4,2,0.960337456,528,38.25684574,-85.7588664,Jefferson County
6e2f1a2d-27bd-3701-8d08-dae202c58632,Blue Cross Blue Shield,Michigan Plaza,Chicago,IL,60007,1-800-262-2583,117081.87,45148.84,3826800,467,0,283,0,273,0,181,0,4,0.96613525,2136,41.81649788,-87.62303181,Cook County
5059a55e-5d6e-34d1-b6cb-d83d16e57bcf,UnitedHealthcare,9800 Healthcare Lane,Minnetonka,MN,55436,1-888-545-5205,18281.36,11410,1706200,174,12,0,40,143,5,56,0,3,0.874341896,900,44.89525174,-93.40365391,Hennepin County
4d71f845-a6a9-3c39-b242-14d25ef86a8d,Aetna,151 Farmington Ave,Hartford,CT,06156,1-800-872-3862,0,0,0,0,0,0,0,0,0,0,0,0,,0,41.766669,-72.690786,Hartford County
047f6ec3-6215-35eb-9608-f9dda363a44c,Cigna Health,900 Cottage Grove Rd,Bloomfield,CT,06002,1-800-997-1654,15647.04,7560,1659000,136,3,0,10,103,0,48,1,2,0.984527967,792,41.8168538,-72.74227929,Hartford County
42c4fca7-f8a9-3cd1-982a-dd9751bf3e2a,Anthem,220 Virginia Ave,Indianapolis,IN,46204,1-800-331-1476,4509.96,2145,820600,39,74,0,90,14,104,32,0,1,0.974614715,372,39.76282529,-86.15113177,Marion County
b1c428d6-4f07-31e0-90f0-68ffa6ff8c76,NO_INSURANCE,,,,00nan,,0,97535.77,0,0,103,0,30,0,124,0,50,1,0.815913556,360,18.77609573,100.773935,
b3221cfc-24fb-339e-823d-bc4136cbc4ed,Dual Eligible,7500 Security Blvd,Baltimore,MD,21244,1-877-267-2323,0,0,0,0,0,0,0,0,0,0,0,0,,0,39.317949,-76.7639835,Baltimore County
7caa7254-5050-3b5e-9eae-bd5ea30e809c,Medicare,7500 Security Blvd,Baltimore,MD,21244,1-800-633-4227,885.59,80,8750,3,0,2,0,1,0,5,0,1,0.574421924,36,39.317949,-76.7639835,Baltimore County
7c4411ce-02f1-39b5-b9ec-dfbea9ad3c1a,Medicaid,7500 Security Blvd,Baltimore,MD,21244,1-877-267-2323,11763.28,3004.23,63500,82,0,1,0,44,0,75,0,4,0.848171225,264,39.317949,-76.7639835,Baltimore County
d47b3510-2895-3b70-9897-342d681c769d,Humana,500 West Main St,Louisville,KY,40018,1-844-330-7799,0,0,0,0,0,0,0,0,0,0,0,0,,0,38.25684574,-85.7588664,Jefferson County
6e2f1a2d-27bd-3701-8d08-dae202c58632,Blue Cross Blue Shield,Michigan Plaza,Chicago,IL,60007,1-800-262-2583,0,0,0,0,0,0,0,0,0,0,0,0,,0,41.81649788,-87.62303181,Cook County
5059a55e-5d6e-34d1-b6cb-d83d16e57bcf,UnitedHealthcare,9800 Healthcare Lane,Minnetonka,MN,55436,1-888-545-5205,22627.36,10567.51,2344600,185,17,0,37,116,1,152,5,4,0.9141358,1248,44.89525174,-93.40365391,Hennepin County
4d71f845-a6a9-3c39-b242-14d25ef86a8d,Aetna,151 Farmington Ave,Hartford,CT,06156,1-800-872-3862,21711.6,7995,2398000,165,100,0,47,117,12,109,5,3,0.769241303,1212,41.766669,-72.690786,Hartford County
047f6ec3-6215-35eb-9608-f9dda363a44c,Cigna Health,900 Cottage Grove Rd,Bloomfield,CT,06002,1-800-997-1654,0,0,0,0,0,0,0,0,0,0,0,0,,0,41.8168538,-72.74227929,Hartford County
42c4fca7-f8a9-3cd1-982a-dd9751bf3e2a,Anthem,220 Virginia Ave,Indianapolis,IN,46204,1-800-331-1476,6701.88,1760,1100000,47,117,0,36,25,116,55,1,2,0.88060603,504,39.76282529,-86.15113177,Marion County
b1c428d6-4f07-31e0-90f0-68ffa6ff8c76,NO_INSURANCE,,,,00nan,,0,84232.62,0,0,58,0,4,0,104,0,46,1,0.958333333,288,18.77609573,100.773935,
b3221cfc-24fb-339e-823d-bc4136cbc4ed,Dual Eligible,7500 Security Blvd,Baltimore,MD,21244,1-877-267-2323,0,0,0,0,0,0,0,0,0,0,0,0,,0,39.317949,-76.7639835,Baltimore County
7caa7254-5050-3b5e-9eae-bd5ea30e809c,Medicare,7500 Security Blvd,Baltimore,MD,21244,1-800-633-4227,0,0,0,0,0,0,0,0,0,0,0,0,,0,39.317949,-76.7639835,Baltimore County
7c4411ce-02f1-39b5-b9ec-dfbea9ad3c1a,Medicaid,7500 Security Blvd,Baltimore,MD,21244,1-877-267-2323,5896.56,3839.79,15000,61,0,8,0,185,0,8,0,2,0.98213642,60,39.317949,-76.7639835,Baltimore County
d47b3510-2895-3b70-9897-342d681c769d,Humana,500 West Main St,Louisville,KY,40018,1-844-330-7799,7685.56,7280,1388900,108,9,0,60,87,6,69,1,2,0.88848242,828,38.25684574,-85.7588664,Jefferson County
6e2f1a2d-27bd-3701-8d08-dae202c58632,Blue Cross Blue Shield,Michigan Plaza,Chicago,IL,60007,1-800-262-2583,486381.12,105475.03,4626000,757,0,891,0,442,0,208,0,4,0.84029522,2580,41.81649788,-87.62303181,Cook County
5059a55e-5d6e-34d1-b6cb-d83d16e57bcf,UnitedHealthcare,9800 Healthcare Lane,Minnetonka,MN,55436,1-888-545-5205,20272.48,16310,2181200,264,17,0,112,245,2,149,3,4,0.975429602,1152,44.89525174,-93.40365391,Hennepin County
4d71f845-a6a9-3c39-b242-14d25ef86a8d,Aetna,151 Farmington Ave,Hartford,CT,06156,1-800-872-3862,212.14,65,6000,2,0,0,0,4,0,2,0,1,0,12,41.766669,-72.690786,Hartford County
047f6ec3-6215-35eb-9608-f9dda363a44c,Cigna Health,900 Cottage Grove Rd,Bloomfield,CT,06002,1-800-997-1654,19509.69,10560,3618300,217,86,0,240,95,9,117,16,3,0.898459779,1740,41.8168538,-72.74227929,Hartford County
42c4fca7-f8a9-3cd1-982a-dd9751bf3e2a,Anthem,220 Virginia Ave,Indianapolis,IN,46204,1-800-331-1476,0,0,0,0,0,0,0,0,0,0,0,0,,0,39.76282529,-86.15113177,Marion County
b1c428d6-4f07-31e0-90f0-68ffa6ff8c76,NO_INSURANCE,,,,00nan,,0,229009.47,0,0,40,0,7,0,18,0,45,1,0.95,240,18.77609573,100.773935,
b3221cfc-24fb-339e-823d-bc4136cbc4ed,Dual Eligible,7500 Security Blvd,Baltimore,MD,21244,1-877-267-2323,0,0,0,0,0,0,0,0,0,0,0,0,,0,39.317949,-76.7639835,Baltimore County
7caa7254-5050-3b5e-9eae-bd5ea30e809c,Medicare,7500 Security Blvd,Baltimore,MD,21244,1-800-633-4227,18125.52,1404.3,45000,35,0,15,0,5,0,16,0,1,0.915412114,192,39.317949,-76.7639835,Baltimore County
7c4411ce-02f1-39b5-b9ec-dfbea9ad3c1a,Medicaid,7500 Security Blvd,Baltimore,MD,21244,1-877-267-2323,7141.12,3385.59,20750,58,0,3,0,205,0,7,0,3,0.998776185,84,39.317949,-76.7639835,Baltimore County
d47b3510-2895-3b70-9897-342d681c769d,Humana,500 West Main St,Louisville,KY,40018,1-844-330-7799,7120.72,2560,627300,59,6,0,11,37,2,77,1,3,0.935288902,372,38.25684574,-85.7588664,Jefferson County
6e2f1a2d-27bd-3701-8d08-dae202c58632,Blue Cross Blue Shield,Michigan Plaza,Chicago,IL,60007,1-800-262-2583,6314.43,2983.02,388800,48,0,5,0,60,0,44,0,1,1,216,41.81649788,-87.62303181,Cook County
5059a55e-5d6e-34d1-b6cb-d83d16e57bcf,UnitedHealthcare,9800 Healthcare Lane,Minnetonka,MN,55436,1-888-545-5205,11140.64,6580,1888600,108,4,0,17,48,0,87,2,2,0.967628967,1008,44.89525174,-93.40365391,Hennepin County
4d71f845-a6a9-3c39-b242-14d25ef86a8d,Aetna,151 Farmington Ave,Hartford,CT,06156,1-800-872-3862,17168.6,10725,1376000,170,3,0,10,148,0,54,0,3,0.975685545,696,41.766669,-72.690786,Hartford County
047f6ec3-6215-35eb-9608-f9dda363a44c,Cigna Health,900 Cottage Grove Rd,Bloomfield,CT,06002,1-800-997-1654,0,0,0,0,0,0,0,0,0,0,0,0,,0,41.8168538,-72.74227929,Hartford County
42c4fca7-f8a9-3cd1-982a-dd9751bf3e2a,Anthem,220 Virginia Ave,Indianapolis,IN,46204,1-800-331-1476,12001.56,5555,3137200,107,132,0,124,51,99,111,6,4,0.958982155,1440,39.76282529,-86.15113177,Marion County
b1c428d6-4f07-31e0-90f0-68ffa6ff8c76,NO_INSURANCE,,,,00nan,,0,84025.41,0,0,78,0,49,0,39,0,71,2,0.932461904,600,18.77609573,100.773935,
b3221cfc-24fb-339e-823d-bc4136cbc4ed,Dual Eligible,7500 Security Blvd,Baltimore,MD,21244,1-877-267-2323,0,0,0,0,0,0,0,0,0,0,0,0,,0,39.317949,-76.7639835,Baltimore County
7caa7254-5050-3b5e-9eae-bd5ea30e809c,Medicare,7500 Security Blvd,Baltimore,MD,21244,1-800-633-4227,24444.88,1936.34,60750,48,0,20,0,20,0,25,0,2,0.904761905,252,39.317949,-76.7639835,Baltimore County
7c4411ce-02f1-39b5-b9ec-dfbea9ad3c1a,Medicaid,7500 Security Blvd,Baltimore,MD,21244,1-877-267-2323,5851.92,2240.04,11750,36,0,3,0,123,0,1,0,2,0.880606024,48,39.317949,-76.7639835,Baltimore County
d47b3510-2895-3b70-9897-342d681c769d,Humana,500 West Main St,Louisville,KY,40018,1-844-330-7799,9076.24,5040,1152600,74,5,0,13,65,0,48,4,2,0.827008121,684,38.25684574,-85.7588664,Jefferson County
6e2f1a2d-27bd-3701-8d08-dae202c58632,Blue Cross Blue Shield,Michigan Plaza,Chicago,IL,60007,1-800-262-2583,0,0,0,0,0,0,0,0,0,0,0,0,,0,41.81649788,-87.62303181,Cook County
5059a55e-5d6e-34d1-b6cb-d83d16e57bcf,UnitedHealthcare,9800 Healthcare Lane,Minnetonka,MN,55436,1-888-545-5205,11416.12,5180,940500,87,4,0,12,74,0,65,0,2,0.975688879,504,44.89525174,-93.40365391,Hennepin County
4d71f845-a6a9-3c39-b242-14d25ef86a8d,Aetna,151 Farmington Ave,Hartford,CT,06156,1-800-872-3862,15861.32,4550,1648000,107,3,0,8,90,0,104,4,3,0.845139266,828,41.766669,-72.690786,Hartford County
047f6ec3-6215-35eb-9608-f9dda363a44c,Cigna Health,900 Cottage Grove Rd,Bloomfield,CT,06002,1-800-997-1654,39351.28,13680,4189500,278,23,0,99,170,7,190,6,5,0.979880595,2004,41.8168538,-72.74227929,Hartford County
42c4fca7-f8a9-3cd1-982a-dd9751bf3e2a,Anthem,220 Virginia Ave,Indianapolis,IN,46204,1-800-331-1476,4141.72,55,356400,22,18,0,31,12,10,43,0,2,0.904005075,168,39.76282529,-86.15113177,Marion County
b1c428d6-4f07-31e0-90f0-68ffa6ff8c76,NO_INSURANCE,,,,00nan,,0,203275.45,0,0,10,0,12,0,19,0,2,1,1,12,18.77609573,100.773935,
b3221cfc-24fb-339e-823d-bc4136cbc4ed,Dual Eligible,7500 Security Blvd,Baltimore,MD,21244,1-877-267-2323,0,0,0,0,0,0,0,0,0,0,0,0,,0,39.317949,-76.7639835,Baltimore County
7caa7254-5050-3b5e-9eae-bd5ea30e809c,Medicare,7500 Security Blvd,Baltimore,MD,21244,1-800-633-4227,0,0,500,0,0,0,0,0,0,0,0,1,0,12,39.317949,-76.7639835,Baltimore County
7c4411ce-02f1-39b5-b9ec-dfbea9ad3c1a,Medicaid,7500 Security Blvd,Baltimore,MD,21244,1-877-267-2323,63438.68,36615.49,540750,550,0,187,0,667,0,202,0,7,0.944655399,2184,39.317949,-76.7639835,Baltimore County
d47b3510-2895-3b70-9897-342d681c769d,Humana,500 West Main St,Louisville,KY,40018,1-844-330-7799,2711.54,160,221000,21,0,0,1,12,0,37,0,1,0.909090909,132,38.25684574,-85.7588664,Jefferson County
6e2f1a2d-27bd-3701-8d08-dae202c58632,Blue Cross Blue Shield,Michigan Plaza,Chicago,IL,60007,1-800-262-2583,0,0,0,0,0,0,0,0,0,0,0,0,,0,41.81649788,-87.62303181,Cook County
5059a55e-5d6e-34d1-b6cb-d83d16e57bcf,UnitedHealthcare,9800 Healthcare Lane,Minnetonka,MN,55436,1-888-545-5205,9490.12,9380,1666300,138,8,0,32,200,0,77,2,3,0.973104787,876,44.89525174,-93.40365391,Hennepin County
4d71f845-a6a9-3c39-b242-14d25ef86a8d,Aetna,151 Farmington Ave,Hartford,CT,06156,1-800-872-3862,4503.74,2470,882000,51,21,0,19,68,8,31,4,2,0.906327849,444,41.766669,-72.690786,Hartford County
047f6ec3-6215-35eb-9608-f9dda363a44c,Cigna Health,900 Cottage Grove Rd,Bloomfield,CT,06002,1-800-997-1654,5832.24,4560,707700,76,7,0,21,139,2,29,0,2,0.986876562,336,41.8168538,-72.74227929,Hartford County
42c4fca7-f8a9-3cd1-982a-dd9751bf3e2a,Anthem,220 Virginia Ave,Indianapolis,IN,46204,1-800-331-1476,2568.28,440,580800,22,16,0,32,8,8,24,1,1,0.752808559,264,39.76282529,-86.15113177,Marion County
b1c428d6-4f07-31e0-90f0-68ffa6ff8c76,NO_INSURANCE,,,,00nan,,0,164177.19,0,0,399,0,132,0,224,0,113,2,0.555748528,1212,18.77609573,100.773935,
b3221cfc-24fb-339e-823d-bc4136cbc4ed,Dual Eligible,7500 Security Blvd,Baltimore,MD,21244,1-877-267-2323,0,0,0,0,0,0,0,0,0,0,0,0,,0,39.317949,-76.7639835,Baltimore County
7caa7254-5050-3b5e-9eae-bd5ea30e809c,Medicare,7500 Security Blvd,Baltimore,MD,21244,1-800-633-4227,2596.74,294.48,28750,17,0,3,0,7,0,13,0,1,0.87715837,120,39.317949,-76.7639835,Baltimore County
7c4411ce-02f1-39b5-b9ec-dfbea9ad3c1a,Medicaid,7500 Security Blvd,Baltimore,MD,21244,1-877-267-2323,66594.66,24637.78,321000,359,0,121,0,692,0,113,0,5,0.076923077,1404,39.317949,-76.7639835,Baltimore County
d47b3510-2895-3b70-9897-342d681c769d,Humana,500 West Main St,Louisville,KY,40018,1-844-330-7799,12687.96,7280,1609900,118,8,0,29,61,0,85,3,2,0.977501184,948,38.25684574,-85.7588664,Jefferson County
6e2f1a2d-27bd-3701-8d08-dae202c58632,Blue Cross Blue Shield,Michigan Plaza,Chicago,IL,60007,1-800-262-2583,73013.99,20897.29,2543400,199,0,134,0,82,0,112,0,3,0.88749519,1428,41.81649788,-87.62303181,Cook County
5059a55e-5d6e-34d1-b6cb-d83d16e57bcf,UnitedHealthcare,9800 Healthcare Lane,Minnetonka,MN,55436,1-888-545-5205,12028.74,7770,1480100,117,5,0,61,54,0,66,0,2,0.950489498,792,44.89525174,-93.40365391,Hennepin County
4d71f845-a6a9-3c39-b242-14d25ef86a8d,Aetna,151 Farmington Ave,Hartford,CT,06156,1-800-872-3862,16073.46,8125,888000,143,11,0,21,145,3,78,0,2,0.960703247,444,41.766669,-72.690786,Hartford County
047f6ec3-6215-35eb-9608-f9dda363a44c,Cigna Health,900 Cottage Grove Rd,Bloomfield,CT,06002,1-800-997-1654,786.1,60,88200,5,1,0,3,2,0,8,0,3,0.4,60,41.8168538,-72.74227929,Hartford County
42c4fca7-f8a9-3cd1-982a-dd9751bf3e2a,Anthem,220 Virginia Ave,Indianapolis,IN,46204,1-800-331-1476,9264.62,2750,1683000,71,26,0,48,32,43,78,0,3,0.95375294,780,39.76282529,-86.15113177,Marion County
b1c428d6-4f07-31e0-90f0-68ffa6ff8c76,NO_INSURANCE,,,,00nan,,0,139885.03,0,0,169,0,23,0,339,0,64,1,4.607353588,324,18.77609573,100.773935,
b3221cfc-24fb-339e-823d-bc4136cbc4ed,Dual Eligible,7500 Security Blvd,Baltimore,MD,21244,1-877-267-2323,0,0,0,0,0,0,0,0,0,0,0,0,,0,39.317949,-76.7639835,Baltimore County
7caa7254-5050-3b5e-9eae-bd5ea30e809c,Medicare,7500 Security Blvd,Baltimore,MD,21244,1-800-633-4227,141537.84,12215.35,58250,135,0,189,0,83,0,18,0,1,0.46174855,240,39.317949,-76.7639835,Baltimore County
7c4411ce-02f1-39b5-b9ec-dfbea9ad3c1a,Medicaid,7500 Security Blvd,Baltimore,MD,21244,1-877-267-2323,45793.87,12936.51,116250,213,0,35,0,446,0,72,0,6,0.928882743,480,39.317949,-76.7639835,Baltimore County
d47b3510-2895-3b70-9897-342d681c769d,Humana,500 West Main St,Louisville,KY,40018,1-844-330-7799,14200,7600,1224000,109,2,0,121,96,0,64,2,3,0.964915035,720,38.25684574,-85.7588664,Jefferson County
6e2f1a2d-27bd-3701-8d08-dae202c58632,Blue Cross Blue Shield,Michigan Plaza,Chicago,IL,60007,1-800-262-2583,68025,27462.04,2295000,330,0,71,0,548,0,114,0,5,0.98910506,1272,41.81649788,-87.62303181,Cook County
5059a55e-5d6e-34d1-b6cb-d83d16e57bcf,UnitedHealthcare,9800 Healthcare Lane,Minnetonka,MN,55436,1-888-545-5205,31230,13370,3123600,223,118,0,331,177,11,132,12,4,0.868590445,1656,44.89525174,-93.40365391,Hennepin County
4d71f845-a6a9-3c39-b242-14d25ef86a8d,Aetna,151 Farmington Ave,Hartford,CT,06156,1-800-872-3862,21765,9035,1572000,154,20,0,84,204,13,64,0,5,0.833503549,792,41.766669,-72.690786,Hartford County
047f6ec3-6215-35eb-9608-f9dda363a44c,Cigna Health,900 Cottage Grove Rd,Bloomfield,CT,06002,1-800-997-1654,6580,2820,632100,47,9,0,9,84,3,24,0,1,0.985747278,300,41.8168538,-72.74227929,Hartford County
42c4fca7-f8a9-3cd1-982a-dd9751bf3e2a,Anthem,220 Virginia Ave,Indianapolis,IN,46204,1-800-331-1476,3145,55,396000,16,46,0,11,4,74,26,1,2,0.796649418,192,39.76282529,-86.15113177,Marion County
b1c428d6-4f07-31e0-90f0-68ffa6ff8c76,NO_INSURANCE,,,,00nan,,0,462289.77,0,0,30,0,6,0,13,0,34,2,0.994200117,156,18.77609573,100.773935,